phase,side,distribution,backend,iteration,order,host_ms,upload_ms,kernel_ms,download_ms,checksum,request_id,device_bytes
setup,32,uniform,cuda_reuse_global,-1,0,62.936700000000002,0,0,0,0,0,3072
setup,32,uniform,cuda_reuse_shared,-1,1,0.023099999999999999,0,0,0,0,0,3072
run,32,uniform,cpu_optimized_1,0,0,0.0077999999999999996,0,0,0,131584,0,0
run,32,uniform,cpu_optimized_2,0,1,0.00059999999999999995,0,0,0,131584,0,0
run,32,uniform,cuda_simple_global,0,2,0.58620000000000005,0.0030720001086592674,0.086015999317169189,0.020800000056624413,131584,0,0
run,32,uniform,cuda_simple_shared,0,3,0.097600000000000006,0.0020479999948292971,0.051199998706579208,0.014336000196635723,131584,0,0
run,32,uniform,cuda_reuse_global,0,4,0.046800000000000001,0.0020479999948292971,0.011264000087976456,0.013311999849975109,131584,1,3072
run,32,uniform,cuda_reuse_shared,0,5,0.060299999999999999,0.0092160003259778023,0.022528000175952911,0.013311999849975109,131584,1,3072
run,32,uniform,cpu_optimized_2,1,0,0.00050000000000000001,0,0,0,131584,0,0
run,32,uniform,cuda_simple_global,1,1,0.046800000000000001,0.0040959999896585941,0.0051199998706579208,0.013311999849975109,131584,0,0
run,32,uniform,cuda_simple_shared,1,2,0.049599999999999998,0.0030720001086592674,0.010239999741315842,0.013311999849975109,131584,0,0
run,32,uniform,cuda_reuse_global,1,3,0.042500000000000003,0.0020479999948292971,0.010239999741315842,0.013439999893307686,131584,4,3072
run,32,uniform,cuda_reuse_shared,1,4,0.042599999999999999,0.010176000185310841,0.0051199998706579208,0.014336000196635723,131584,4,3072
run,32,uniform,cpu_optimized_1,1,5,0.00050000000000000001,0,0,0,131584,0,0
run,32,uniform,cuda_simple_global,2,0,0.045699999999999998,0.0040959999896585941,0.0051199998706579208,0.013311999849975109,131584,0,0
run,32,uniform,cuda_simple_shared,2,1,0.048099999999999997,0.0020479999948292971,0.011264000087976456,0.013311999849975109,131584,0,0
run,32,uniform,cuda_reuse_global,2,2,0.065699999999999995,0.0020479999948292971,0.035840000957250595,0.013311999849975109,131584,5,3072
run,32,uniform,cuda_reuse_shared,2,3,0.039800000000000002,0.0020479999948292971,0.010239999741315842,0.014336000196635723,131584,5,3072
run,32,uniform,cpu_optimized_1,2,4,0.00059999999999999995,0,0,0,131584,0,0
run,32,uniform,cpu_optimized_2,2,5,0.00050000000000000001,0,0,0,131584,0,0
run,32,uniform,cuda_simple_shared,3,0,0.34949999999999998,0.0030720001086592674,0.31129598617553711,0.013311999849975109,131584,0,0
run,32,uniform,cuda_reuse_global,3,1,0.042599999999999999,0.0038079998921602964,0.0061440002173185349,0.013311999849975109,131584,6,3072
run,32,uniform,cuda_reuse_shared,3,2,0.048399999999999999,0.0039360001683235168,0.0051199998706579208,0.014336000196635723,131584,6,3072
run,32,uniform,cpu_optimized_1,3,3,0.00050000000000000001,0,0,0,131584,0,0
run,32,uniform,cpu_optimized_2,3,4,0.00040000000000000002,0,0,0,131584,0,0
run,32,uniform,cuda_simple_global,3,5,0.048300000000000003,0.0030720001086592674,0.010239999741315842,0.014336000196635723,131584,0,0
run,32,uniform,cuda_reuse_global,4,0,0.040300000000000002,0.0028160000219941139,0.011264000087976456,0.013311999849975109,131584,7,3072
run,32,uniform,cuda_reuse_shared,4,1,0.044499999999999998,0.0028800000436604023,0.010239999741315842,0.014336000196635723,131584,7,3072
run,32,uniform,cpu_optimized_1,4,2,0.00050000000000000001,0,0,0,131584,0,0
run,32,uniform,cpu_optimized_2,4,3,0.00050000000000000001,0,0,0,131584,0,0
run,32,uniform,cuda_simple_global,4,4,0.047300000000000002,0.0040959999896585941,0.0051199998706579208,0.013311999849975109,131584,0,0
run,32,uniform,cuda_simple_shared,4,5,0.044600000000000001,0.0040959999896585941,0.0051199998706579208,0.013535999692976475,131584,0,0
run,32,uniform,cuda_reuse_shared,5,0,0.041500000000000002,0.0092160003259778023,0.0051199998706579208,0.013311999849975109,131584,8,3072
run,32,uniform,cpu_optimized_1,5,1,0.00040000000000000002,0,0,0,131584,0,0
run,32,uniform,cpu_optimized_2,5,2,0.00050000000000000001,0,0,0,131584,0,0
run,32,uniform,cuda_simple_global,5,3,0.044600000000000001,0.003903999924659729,0.0051199998706579208,0.013567999936640263,131584,0,0
run,32,uniform,cuda_simple_shared,5,4,0.057700000000000001,0.0030720001086592674,0.010239999741315842,0.014336000196635723,131584,0,0
run,32,uniform,cuda_reuse_global,5,5,0.060499999999999998,0.0028800000436604023,0.030719999223947525,0.013311999849975109,131584,8,3072
run,32,uniform,cpu_optimized_1,6,0,0.00059999999999999995,0,0,0,131584,0,0
run,32,uniform,cpu_optimized_2,6,1,0.00050000000000000001,0,0,0,131584,0,0
run,32,uniform,cuda_simple_global,6,2,0.047899999999999998,0.0029440000653266907,0.010239999741315842,0.014336000196635723,131584,0,0
run,32,uniform,cuda_simple_shared,6,3,0.066500000000000004,0.0020479999948292971,0.010239999741315842,0.033888000994920731,131584,0,0
run,32,uniform,cuda_reuse_global,6,4,0.039899999999999998,0.0020479999948292971,0.010239999741315842,0.013472000136971474,131584,9,3072
run,32,uniform,cuda_reuse_shared,6,5,0.040800000000000003,0.0030720001086592674,0.0051199998706579208,0.014336000196635723,131584,9,3072
run,32,uniform,cpu_optimized_2,7,0,0.00050000000000000001,0,0,0,131584,0,0
run,32,uniform,cuda_simple_global,7,1,0.0465,0.0030720001086592674,0.010239999741315842,0.013311999849975109,131584,0,0
run,32,uniform,cuda_simple_shared,7,2,0.0574,0.0020479999948292971,0.010239999741315842,0.020479999482631683,131584,0,0
run,32,uniform,cuda_reuse_global,7,3,0.041799999999999997,0.0029760000761598349,0.010239999741315842,0.013311999849975109,131584,10,3072
run,32,uniform,cuda_reuse_shared,7,4,0.059499999999999997,0.0030720001086592674,0.0289280004799366,0.01408000010997057,131584,10,3072
run,32,uniform,cpu_optimized_1,7,5,0.00050000000000000001,0,0,0,131584,0,0
run,32,uniform,cuda_simple_global,8,0,0.046800000000000001,0.0040959999896585941,0.0051199998706579208,0.013311999849975109,131584,0,0
run,32,uniform,cuda_simple_shared,8,1,0.042599999999999999,0.0037760001141577959,0.0061440002173185349,0.013311999849975109,131584,0,0
run,32,uniform,cuda_reuse_global,8,2,0.036299999999999999,0.0040959999896585941,0.0051199998706579208,0.013311999849975109,131584,11,3072
run,32,uniform,cuda_reuse_shared,8,3,0.058900000000000001,0.0039679999463260174,0.0051199998706579208,0.019711999222636223,131584,11,3072
run,32,uniform,cpu_optimized_1,8,4,0.00089999999999999998,0,0,0,131584,0,0
run,32,uniform,cpu_optimized_2,8,5,0.00059999999999999995,0,0,0,131584,0,0
run,32,uniform,cuda_simple_shared,9,0,0.070999999999999994,0.010208000428974628,0.011264000087976456,0.020479999482631683,131584,0,0
run,32,uniform,cuda_reuse_global,9,1,0.0499,0.0028800000436604023,0.010239999741315842,0.019616000354290009,131584,12,3072
run,32,uniform,cuda_reuse_shared,9,2,0.049399999999999999,0.0029120000544935465,0.010239999741315842,0.019487999379634857,131584,12,3072
run,32,uniform,cpu_optimized_1,9,3,0.00089999999999999998,0,0,0,131584,0,0
run,32,uniform,cpu_optimized_2,9,4,0.00080000000000000004,0,0,0,131584,0,0
run,32,uniform,cuda_simple_global,9,5,0.064699999999999994,0.0029440000653266907,0.010239999741315842,0.019584000110626221,131584,0,0
run,32,uniform,cuda_reuse_global,10,0,0.33839999999999998,0.0040959999896585941,0.0051199998706579208,0.013311999849975109,131584,13,3072
run,32,uniform,cuda_reuse_shared,10,1,0.045499999999999999,0.0020479999948292971,0.011264000087976456,0.013311999849975109,131584,13,3072
run,32,uniform,cpu_optimized_1,10,2,0.00059999999999999995,0,0,0,131584,0,0
run,32,uniform,cpu_optimized_2,10,3,0.00050000000000000001,0,0,0,131584,0,0
run,32,uniform,cuda_simple_global,10,4,0.0528,0.0092160003259778023,0.0051199998706579208,0.014336000196635723,131584,0,0
run,32,uniform,cuda_simple_shared,10,5,0.046399999999999997,0.0030400000978261232,0.010239999741315842,0.013311999849975109,131584,0,0
run,32,uniform,cuda_reuse_shared,11,0,0.038399999999999997,0.0040959999896585941,0.0051199998706579208,0.013311999849975109,131584,14,3072
run,32,uniform,cpu_optimized_1,11,1,0.00050000000000000001,0,0,0,131584,0,0
run,32,uniform,cpu_optimized_2,11,2,0.00050000000000000001,0,0,0,131584,0,0
run,32,uniform,cuda_simple_global,11,3,0.044900000000000002,0.0038719999138265848,0.0051199998706579208,0.014336000196635723,131584,0,0
run,32,uniform,cuda_simple_shared,11,4,0.0545,0.0028160000219941139,0.010239999741315842,0.014336000196635723,131584,0,0
run,32,uniform,cuda_reuse_global,11,5,0.038399999999999997,0.0030720001086592674,0.0061440002173185349,0.013311999849975109,131584,14,3072
run,32,uniform,cpu_optimized_1,12,0,0.00059999999999999995,0,0,0,131584,0,0
run,32,uniform,cpu_optimized_2,12,1,0.00050000000000000001,0,0,0,131584,0,0
run,32,uniform,cuda_simple_global,12,2,0.043799999999999999,0.0030720001086592674,0.0051199998706579208,0.014336000196635723,131584,0,0
run,32,uniform,cuda_simple_shared,12,3,0.046800000000000001,0.0020479999948292971,0.011264000087976456,0.014336000196635723,131584,0,0
run,32,uniform,cuda_reuse_global,12,4,0.040599999999999997,0.0020479999948292971,0.011264000087976456,0.013311999849975109,131584,15,3072
run,32,uniform,cuda_reuse_shared,12,5,0.054399999999999997,0.0028800000436604023,0.024576000869274139,0.013567999936640263,131584,15,3072
run,32,uniform,cpu_optimized_2,13,0,0.00050000000000000001,0,0,0,131584,0,0
run,32,uniform,cuda_simple_global,13,1,0.047100000000000003,0.0030720001086592674,0.010239999741315842,0.013311999849975109,131584,0,0
run,32,uniform,cuda_simple_shared,13,2,0.0511,0.0030720001086592674,0.010239999741315842,0.013344000093638897,131584,0,0
run,32,uniform,cuda_reuse_global,13,3,0.042299999999999997,0.0040959999896585941,0.0051199998706579208,0.01360000018030405,131584,16,3072
run,32,uniform,cuda_reuse_shared,13,4,0.050700000000000002,0.0030720001086592674,0.013376000337302685,0.020416000857949257,131584,16,3072
run,32,uniform,cpu_optimized_1,13,5,0.00050000000000000001,0,0,0,131584,0,0
run,32,uniform,cuda_simple_global,14,0,0.043400000000000001,0.0040959999896585941,0.0061440002173185349,0.013311999849975109,131584,0,0
run,32,uniform,cuda_simple_shared,14,1,0.0625,0.0040959999896585941,0.0051199998706579208,0.031743999570608139,131584,0,0
run,32,uniform,cuda_reuse_global,14,2,0.035799999999999998,0.0038079998921602964,0.0051199998706579208,0.013376000337302685,131584,17,3072
run,32,uniform,cuda_reuse_shared,14,3,0.053900000000000003,0.0030720001086592674,0.0051199998706579208,0.031743999570608139,131584,17,3072
run,32,uniform,cpu_optimized_1,14,4,0.00059999999999999995,0,0,0,131584,0,0
run,32,uniform,cpu_optimized_2,14,5,0.00050000000000000001,0,0,0,131584,0,0
run,32,uniform,cuda_simple_shared,15,0,0.046399999999999997,0.0040640002116560936,0.0051199998706579208,0.014336000196635723,131584,0,0
run,32,uniform,cuda_reuse_global,15,1,0.038199999999999998,0.003903999924659729,0.0051199998706579208,0.013344000093638897,131584,18,3072
run,32,uniform,cuda_reuse_shared,15,2,0.054899999999999997,0.0030720001086592674,0.024576000869274139,0.013311999849975109,131584,18,3072
run,32,uniform,cpu_optimized_1,15,3,0.00050000000000000001,0,0,0,131584,0,0
run,32,uniform,cpu_optimized_2,15,4,0.00040000000000000002,0,0,0,131584,0,0
run,32,uniform,cuda_simple_global,15,5,0.044499999999999998,0.0038719999138265848,0.0051199998706579208,0.014336000196635723,131584,0,0
run,32,uniform,cuda_reuse_global,16,0,0.037699999999999997,0.0030720001086592674,0.0051199998706579208,0.014336000196635723,131584,19,3072
run,32,uniform,cuda_reuse_shared,16,1,0.0557,0.0030720001086592674,0.025599999353289604,0.014336000196635723,131584,19,3072
run,32,uniform,cpu_optimized_1,16,2,0.00050000000000000001,0,0,0,131584,0,0
run,32,uniform,cpu_optimized_2,16,3,0.00050000000000000001,0,0,0,131584,0,0
run,32,uniform,cuda_simple_global,16,4,0.043299999999999998,0.0030720001086592674,0.0051199998706579208,0.014336000196635723,131584,0,0
run,32,uniform,cuda_simple_shared,16,5,0.062700000000000006,0.0029440000653266907,0.011264000087976456,0.02969600073993206,131584,0,0
run,32,uniform,cuda_reuse_shared,17,0,0.059700000000000003,0.0020479999948292971,0.010239999741315842,0.033792000263929367,131584,20,3072
run,32,uniform,cpu_optimized_1,17,1,0.00050000000000000001,0,0,0,131584,0,0
run,32,uniform,cpu_optimized_2,17,2,0.00050000000000000001,0,0,0,131584,0,0
run,32,uniform,cuda_simple_global,17,3,0.043099999999999999,0.0030720001086592674,0.0061440002173185349,0.013311999849975109,131584,0,0
run,32,uniform,cuda_simple_shared,17,4,0.054300000000000001,0.0029760000761598349,0.010239999741315842,0.014336000196635723,131584,0,0
run,32,uniform,cuda_reuse_global,17,5,0.042700000000000002,0.0020479999948292971,0.010239999741315842,0.013311999849975109,131584,20,3072
run,32,uniform,cpu_optimized_1,18,0,0.00059999999999999995,0,0,0,131584,0,0
run,32,uniform,cpu_optimized_2,18,1,0.00050000000000000001,0,0,0,131584,0,0
run,32,uniform,cuda_simple_global,18,2,0.045900000000000003,0.0040959999896585941,0.0051199998706579208,0.014336000196635723,131584,0,0
run,32,uniform,cuda_simple_shared,18,3,0.063600000000000004,0.0030720001086592674,0.026623999699950218,0.014336000196635723,131584,0,0
run,32,uniform,cuda_reuse_global,18,4,0.0545,0.0040959999896585941,0.0051199998706579208,0.031775999814271927,131584,21,3072
run,32,uniform,cuda_reuse_shared,18,5,0.039800000000000002,0.0030720001086592674,0.0092160003259778023,0.014336000196635723,131584,21,3072
run,32,uniform,cpu_optimized_2,19,0,0.00050000000000000001,0,0,0,131584,0,0
run,32,uniform,cuda_simple_global,19,1,0.047699999999999999,0.0030720001086592674,0.010239999741315842,0.014336000196635723,131584,0,0
run,32,uniform,cuda_simple_shared,19,2,0.047,0.0030720001086592674,0.011264000087976456,0.013344000093638897,131584,0,0
run,32,uniform,cuda_reuse_global,19,3,0.035999999999999997,0.0040640002116560936,0.0051199998706579208,0.013472000136971474,131584,22,3072
run,32,uniform,cuda_reuse_shared,19,4,0.059200000000000003,0.0020479999948292971,0.010239999741315842,0.020479999482631683,131584,22,3072
run,32,uniform,cpu_optimized_1,19,5,0.0011000000000000001,0,0,0,131584,0,0
run,32,uniform,cuda_simple_global,20,0,0.0785,0.0092160003259778023,0.013311999849975109,0.013311999849975109,131584,0,0
run,32,uniform,cuda_simple_shared,20,1,0.051999999999999998,0.0028480000328272581,0.010239999741315842,0.014336000196635723,131584,0,0
run,32,uniform,cuda_reuse_global,20,2,0.041399999999999999,0.0040959999896585941,0.0051199998706579208,0.013472000136971474,131584,23,3072
run,32,uniform,cuda_reuse_shared,20,3,0.039600000000000003,0.0040959999896585941,0.0051199998706579208,0.013376000337302685,131584,23,3072
run,32,uniform,cpu_optimized_1,20,4,0.00059999999999999995,0,0,0,131584,0,0
run,32,uniform,cpu_optimized_2,20,5,0.00050000000000000001,0,0,0,131584,0,0
run,32,uniform,cuda_simple_shared,21,0,0.047300000000000002,0.0040959999896585941,0.0051199998706579208,0.013311999849975109,131584,0,0
run,32,uniform,cuda_reuse_global,21,1,0.035999999999999997,0.0030720001086592674,0.0061440002173185349,0.013311999849975109,131584,24,3072
run,32,uniform,cuda_reuse_shared,21,2,0.3992,0.0040959999896585941,0.0051199998706579208,0.013311999849975109,131584,24,3072
run,32,uniform,cpu_optimized_1,21,3,0.00059999999999999995,0,0,0,131584,0,0
run,32,uniform,cpu_optimized_2,21,4,0.00050000000000000001,0,0,0,131584,0,0
run,32,uniform,cuda_simple_global,21,5,0.049700000000000001,0.0030720001086592674,0.0092160003259778023,0.014336000196635723,131584,0,0
run,32,uniform,cuda_reuse_global,22,0,0.049099999999999998,0.0029440000653266907,0.010239999741315842,0.013311999849975109,131584,25,3072
run,32,uniform,cuda_reuse_shared,22,1,0.044999999999999998,0.003903999924659729,0.0051199998706579208,0.013504000380635262,131584,25,3072
run,32,uniform,cpu_optimized_1,22,2,0.00059999999999999995,0,0,0,131584,0,0
run,32,uniform,cpu_optimized_2,22,3,0.00050000000000000001,0,0,0,131584,0,0
run,32,uniform,cuda_simple_global,22,4,0.047600000000000003,0.0020479999948292971,0.010239999741315842,0.014336000196635723,131584,0,0
run,32,uniform,cuda_simple_shared,22,5,0.046600000000000003,0.0030720001086592674,0.010239999741315842,0.013311999849975109,131584,0,0
run,32,uniform,cuda_reuse_shared,23,0,0.067900000000000002,0.0029440000653266907,0.037919998168945312,0.014303999952971935,131584,26,3072
run,32,uniform,cpu_optimized_1,23,1,0.00059999999999999995,0,0,0,131584,0,0
run,32,uniform,cpu_optimized_2,23,2,0.00050000000000000001,0,0,0,131584,0,0
run,32,uniform,cuda_simple_global,23,3,0.0511,0.0027840000111609697,0.011264000087976456,0.013311999849975109,131584,0,0
run,32,uniform,cuda_simple_shared,23,4,0.043400000000000001,0.0040959999896585941,0.0051199998706579208,0.013567999936640263,131584,0,0
run,32,uniform,cuda_reuse_global,23,5,0.0424,0.0020479999948292971,0.010239999741315842,0.014336000196635723,131584,26,3072
run,32,uniform,cpu_optimized_1,24,0,0.00050000000000000001,0,0,0,131584,0,0
run,32,uniform,cpu_optimized_2,24,1,0.00050000000000000001,0,0,0,131584,0,0
run,32,uniform,cuda_simple_global,24,2,0.0487,0.0030720001086592674,0.0092160003259778023,0.014336000196635723,131584,0,0
run,32,uniform,cuda_simple_shared,24,3,0.042799999999999998,0.0040959999896585941,0.0051199998706579208,0.01360000018030405,131584,0,0
run,32,uniform,cuda_reuse_global,24,4,0.049000000000000002,0.010239999741315842,0.0051199998706579208,0.020479999482631683,131584,27,3072
run,32,uniform,cuda_reuse_shared,24,5,0.057200000000000001,0.0030720001086592674,0.027648000046610832,0.013311999849975109,131584,27,3072
retire,32,uniform,cuda_reuse_global,-1,0,0.0044000000000000003,0,0,0,0,0,3072
retire,32,uniform,cuda_reuse_shared,-1,1,0.14649999999999999,0,0,0,0,0,3072
setup,32,single_bin,cuda_reuse_global,-1,0,0.053999999999999999,0,0,0,0,0,3072
setup,32,single_bin,cuda_reuse_shared,-1,1,0.0166,0,0,0,0,0,3072
run,32,single_bin,cpu_optimized_2,0,0,0.00080000000000000004,0,0,0,8192,0,0
run,32,single_bin,cuda_simple_global,0,1,0.21279999999999999,0.0040959999896585941,0.0051199998706579208,0.013376000337302685,8192,0,0
run,32,single_bin,cuda_simple_shared,0,2,0.071999999999999995,0.0030400000978261232,0.032767999917268753,0.013407999649643898,8192,0,0
run,32,single_bin,cuda_reuse_global,0,3,0.041599999999999998,0.0028480000328272581,0.011264000087976456,0.013311999849975109,8192,1,3072
run,32,single_bin,cuda_reuse_shared,0,4,0.078299999999999995,0.0028800000436604023,0.048128001391887665,0.013311999849975109,8192,1,3072
run,32,single_bin,cpu_optimized_1,0,5,0.00059999999999999995,0,0,0,8192,0,0
run,32,single_bin,cuda_simple_global,1,0,0.043999999999999997,0.0040959999896585941,0.0051199998706579208,0.013311999849975109,8192,0,0
run,32,single_bin,cuda_simple_shared,1,1,0.076999999999999999,0.0030720001086592674,0.032767999917268753,0.014336000196635723,8192,0,0
run,32,single_bin,cuda_reuse_global,1,2,0.040000000000000001,0.0030720001086592674,0.0092160003259778023,0.013439999893307686,8192,4,3072
run,32,single_bin,cuda_reuse_shared,1,3,0.068699999999999997,0.0040000001899898052,0.028672000393271446,0.013311999849975109,8192,4,3072
run,32,single_bin,cpu_optimized_1,1,4,0.00059999999999999995,0,0,0,8192,0,0
run,32,single_bin,cpu_optimized_2,1,5,0.00059999999999999995,0,0,0,8192,0,0
run,32,single_bin,cuda_simple_shared,2,0,0.068900000000000003,0.0040959999896585941,0.030719999223947525,0.013311999849975109,8192,0,0
run,32,single_bin,cuda_reuse_global,2,1,0.0436,0.0030720001086592674,0.010239999741315842,0.013311999849975109,8192,5,3072
run,32,single_bin,cuda_reuse_shared,2,2,0.0688,0.0040959999896585941,0.027648000046610832,0.013376000337302685,8192,5,3072
run,32,single_bin,cpu_optimized_1,2,3,0.00050000000000000001,0,0,0,8192,0,0
run,32,single_bin,cpu_optimized_2,2,4,0.00050000000000000001,0,0,0,8192,0,0
run,32,single_bin,cuda_simple_global,2,5,0.045499999999999999,0.0040959999896585941,0.0051199998706579208,0.013311999849975109,8192,0,0
run,32,single_bin,cuda_reuse_global,3,0,0.0395,0.0030720001086592674,0.0092160003259778023,0.013535999692976475,8192,6,3072
run,32,single_bin,cuda_reuse_shared,3,1,0.067199999999999996,0.0039679999463260174,0.027648000046610832,0.013439999893307686,8192,6,3072
run,32,single_bin,cpu_optimized_1,3,2,0.00050000000000000001,0,0,0,8192,0,0
run,32,single_bin,cpu_optimized_2,3,3,0.00050000000000000001,0,0,0,8192,0,0
run,32,single_bin,cuda_simple_global,3,4,0.063899999999999998,0.0049600000493228436,0.0040959999896585941,0.031743999570608139,8192,0,0
run,32,single_bin,cuda_simple_shared,3,5,0.069900000000000004,0.0030720001086592674,0.032767999917268753,0.013311999849975109,8192,0,0
run,32,single_bin,cuda_reuse_shared,4,0,0.069199999999999998,0.0030720001086592674,0.035840000957250595,0.013311999849975109,8192,7,3072
run,32,single_bin,cpu_optimized_1,4,1,0.00050000000000000001,0,0,0,8192,0,0
run,32,single_bin,cpu_optimized_2,4,2,0.00050000000000000001,0,0,0,8192,0,0
run,32,single_bin,cuda_simple_global,4,3,0.051400000000000001,0.0030720001086592674,0.010239999741315842,0.013311999849975109,8192,0,0
run,32,single_bin,cuda_simple_shared,4,4,0.067199999999999996,0.0040959999896585941,0.028672000393271446,0.013407999649643898,8192,0,0
run,32,single_bin,cuda_reuse_global,4,5,0.039800000000000002,0.0020479999948292971,0.010239999741315842,0.013376000337302685,8192,7,3072
run,32,single_bin,cpu_optimized_1,5,0,0.00050000000000000001,0,0,0,8192,0,0
run,32,single_bin,cpu_optimized_2,5,1,0.00050000000000000001,0,0,0,8192,0,0
run,32,single_bin,cuda_simple_global,5,2,0.065199999999999994,0.0040959999896585941,0.0051199998706579208,0.031743999570608139,8192,0,0
run,32,single_bin,cuda_simple_shared,5,3,0.070199999999999999,0.0030720001086592674,0.033792000263929367,0.013311999849975109,8192,0,0
run,32,single_bin,cuda_reuse_global,5,4,0.038300000000000001,0.0040959999896585941,0.0051199998706579208,0.013567999936640263,8192,8,3072
run,32,single_bin,cuda_reuse_shared,5,5,0.058299999999999998,0.0030720001086592674,0.027648000046610832,0.014336000196635723,8192,8,3072
run,32,single_bin,cpu_optimized_2,6,0,0.00050000000000000001,0,0,0,8192,0,0
run,32,single_bin,cuda_simple_global,6,1,0.043400000000000001,0.0040959999896585941,0.0051199998706579208,0.013407999649643898,8192,0,0
run,32,single_bin,cuda_simple_shared,6,2,0.0751,0.0030720001086592674,0.031743999570608139,0.013311999849975109,8192,0,0
run,32,single_bin,cuda_reuse_global,6,3,0.043999999999999997,0.0040640002116560936,0.0051199998706579208,0.014336000196635723,8192,9,3072
run,32,single_bin,cuda_reuse_shared,6,4,0.063299999999999995,0.0030720001086592674,0.028672000393271446,0.013311999849975109,8192,9,3072
run,32,single_bin,cpu_optimized_1,6,5,0.00059999999999999995,0,0,0,8192,0,0
run,32,single_bin,cuda_simple_global,7,0,0.047399999999999998,0.0028800000436604023,0.010239999741315842,0.013472000136971474,8192,0,0
run,32,single_bin,cuda_simple_shared,7,1,0.070099999999999996,0.0020479999948292971,0.032767999917268753,0.013311999849975109,8192,0,0
run,32,single_bin,cuda_reuse_global,7,2,0.047800000000000002,0.0030720001086592674,0.0092160003259778023,0.014336000196635723,8192,10,3072
run,32,single_bin,cuda_reuse_shared,7,3,0.0659,0.0038719999138265848,0.027648000046610832,0.013407999649643898,8192,10,3072
run,32,single_bin,cpu_optimized_1,7,4,0.00059999999999999995,0,0,0,8192,0,0
run,32,single_bin,cpu_optimized_2,7,5,0.00059999999999999995,0,0,0,8192,0,0
run,32,single_bin,cuda_simple_shared,8,0,0.070699999999999999,0.0040959999896585941,0.030719999223947525,0.013504000380635262,8192,0,0
run,32,single_bin,cuda_reuse_global,8,1,0.039699999999999999,0.0030720001086592674,0.010239999741315842,0.013311999849975109,8192,11,3072
run,32,single_bin,cuda_reuse_shared,8,2,0.065699999999999995,0.0030720001086592674,0.027648000046610832,0.013344000093638897,8192,11,3072
run,32,single_bin,cpu_optimized_1,8,3,0.00050000000000000001,0,0,0,8192,0,0
run,32,single_bin,cpu_optimized_2,8,4,0.00050000000000000001,0,0,0,8192,0,0
run,32,single_bin,cuda_simple_global,8,5,0.048800000000000003,0.0030720001086592674,0.010239999741315842,0.013311999849975109,8192,0,0
run,32,single_bin,cuda_reuse_global,9,0,0.043700000000000003,0.0020479999948292971,0.010239999741315842,0.013311999849975109,8192,12,3072
run,32,single_bin,cuda_reuse_shared,9,1,0.0683,0.0030720001086592674,0.028672000393271446,0.013311999849975109,8192,12,3072
run,32,single_bin,cpu_optimized_1,9,2,0.00050000000000000001,0,0,0,8192,0,0
run,32,single_bin,cpu_optimized_2,9,3,0.00050000000000000001,0,0,0,8192,0,0
run,32,single_bin,cuda_simple_global,9,4,0.044299999999999999,0.0040319999679923058,0.0051199998706579208,0.013439999893307686,8192,0,0
run,32,single_bin,cuda_simple_shared,9,5,0.0688,0.0029760000761598349,0.032767999917268753,0.013472000136971474,8192,0,0
run,32,single_bin,cuda_reuse_shared,10,0,0.069099999999999995,0.0030400000978261232,0.034816000610589981,0.013439999893307686,8192,13,3072
run,32,single_bin,cpu_optimized_1,10,1,0.00080000000000000004,0,0,0,8192,0,0
run,32,single_bin,cpu_optimized_2,10,2,0.00059999999999999995,0,0,0,8192,0,0
run,32,single_bin,cuda_simple_global,10,3,0.057000000000000002,0.0029440000653266907,0.010239999741315842,0.013504000380635262,8192,0,0
run,32,single_bin,cuda_simple_shared,10,4,0.087499999999999994,0.0020479999948292971,0.051199998706579208,0.013311999849975109,8192,0,0
run,32,single_bin,cuda_reuse_global,10,5,0.036499999999999998,0.0040319999679923058,0.0051199998706579208,0.013311999849975109,8192,13,3072
run,32,single_bin,cpu_optimized_1,11,0,0.00050000000000000001,0,0,0,8192,0,0
run,32,single_bin,cpu_optimized_2,11,1,0.00059999999999999995,0,0,0,8192,0,0
run,32,single_bin,cuda_simple_global,11,2,0.0487,0.0030720001086592674,0.010239999741315842,0.013344000093638897,8192,0,0
run,32,single_bin,cuda_simple_shared,11,3,0.067400000000000002,0.0040959999896585941,0.027648000046610832,0.013311999849975109,8192,0,0
run,32,single_bin,cuda_reuse_global,11,4,0.041300000000000003,0.0030720001086592674,0.0092160003259778023,0.013567999936640263,8192,14,3072
run,32,single_bin,cuda_reuse_shared,11,5,0.062399999999999997,0.0040000001899898052,0.027648000046610832,0.013311999849975109,8192,14,3072
run,32,single_bin,cpu_optimized_2,12,0,0.00059999999999999995,0,0,0,8192,0,0
run,32,single_bin,cuda_simple_global,12,1,0.043400000000000001,0.0039360001683235168,0.0051199998706579208,0.013535999692976475,8192,0,0
run,32,single_bin,cuda_simple_shared,12,2,0.074200000000000002,0.0030720001086592674,0.032767999917268753,0.013311999849975109,8192,0,0
run,32,single_bin,cuda_reuse_global,12,3,0.043400000000000001,0.0030720001086592674,0.0092160003259778023,0.013439999893307686,8192,15,3072
run,32,single_bin,cuda_reuse_shared,12,4,0.067299999999999999,0.0038079998921602964,0.027648000046610832,0.013344000093638897,8192,15,3072
run,32,single_bin,cpu_optimized_1,12,5,0.00050000000000000001,0,0,0,8192,0,0
run,32,single_bin,cuda_simple_global,13,0,0.044699999999999997,0.0039679999463260174,0.0051199998706579208,0.013504000380635262,8192,0,0
run,32,single_bin,cuda_simple_shared,13,1,0.068699999999999997,0.0030720001086592674,0.032767999917268753,0.013376000337302685,8192,0,0
run,32,single_bin,cuda_reuse_global,13,2,0.036999999999999998,0.0038719999138265848,0.0051199998706579208,0.013504000380635262,8192,16,3072
run,32,single_bin,cuda_reuse_shared,13,3,0.063299999999999995,0.0038399999029934406,0.028672000393271446,0.01360000018030405,8192,16,3072
run,32,single_bin,cpu_optimized_1,13,4,0.00059999999999999995,0,0,0,8192,0,0
run,32,single_bin,cpu_optimized_2,13,5,0.00050000000000000001,0,0,0,8192,0,0
run,32,single_bin,cuda_simple_shared,14,0,0.071400000000000005,0.0040959999896585941,0.031743999570608139,0.013472000136971474,8192,0,0
run,32,single_bin,cuda_reuse_global,14,1,0.039800000000000002,0.0030720001086592674,0.0092160003259778023,0.014336000196635723,8192,17,3072
run,32,single_bin,cuda_reuse_shared,14,2,0.0625,0.0038719999138265848,0.027648000046610832,0.013311999849975109,8192,17,3072
run,32,single_bin,cpu_optimized_1,14,3,0.00050000000000000001,0,0,0,8192,0,0
run,32,single_bin,cpu_optimized_2,14,4,0.00050000000000000001,0,0,0,8192,0,0
run,32,single_bin,cuda_simple_global,14,5,0.0441,0.0030720001086592674,0.0051199998706579208,0.01360000018030405,8192,0,0
run,32,single_bin,cuda_reuse_global,15,0,0.0504,0.0030720001086592674,0.013344000093638897,0.020447999238967896,8192,18,3072
run,32,single_bin,cuda_reuse_shared,15,1,0.058700000000000002,0.0040959999896585941,0.027648000046610832,0.014336000196635723,8192,18,3072
run,32,single_bin,cpu_optimized_1,15,2,0.00050000000000000001,0,0,0,8192,0,0
run,32,single_bin,cpu_optimized_2,15,3,0.00050000000000000001,0,0,0,8192,0,0
run,32,single_bin,cuda_simple_global,15,4,0.044200000000000003,0.0030720001086592674,0.0061440002173185349,0.013311999849975109,8192,0,0
run,32,single_bin,cuda_simple_shared,15,5,0.075399999999999995,0.0030720001086592674,0.032767999917268753,0.013311999849975109,8192,0,0
run,32,single_bin,cuda_reuse_shared,16,0,0.0659,0.0030720001086592674,0.035840000957250595,0.013504000380635262,8192,19,3072
run,32,single_bin,cpu_optimized_1,16,1,0.00050000000000000001,0,0,0,8192,0,0
run,32,single_bin,cpu_optimized_2,16,2,0.00059999999999999995,0,0,0,8192,0,0
run,32,single_bin,cuda_simple_global,16,3,0.050700000000000002,0.0028160000219941139,0.010239999741315842,0.013504000380635262,8192,0,0
run,32,single_bin,cuda_simple_shared,16,4,0.066199999999999995,0.003903999924659729,0.027648000046610832,0.013439999893307686,8192,0,0
run,32,single_bin,cuda_reuse_global,16,5,0.036999999999999998,0.0038719999138265848,0.0051199998706579208,0.013504000380635262,8192,19,3072
run,32,single_bin,cpu_optimized_1,17,0,0.00050000000000000001,0,0,0,8192,0,0
run,32,single_bin,cpu_optimized_2,17,1,0.00050000000000000001,0,0,0,8192,0,0
run,32,single_bin,cuda_simple_global,17,2,0.043999999999999997,0.0030720001086592674,0.0061440002173185349,0.013311999849975109,8192,0,0
run,32,single_bin,cuda_simple_shared,17,3,0.067699999999999996,0.0020479999948292971,0.032767999917268753,0.013311999849975109,8192,0,0
run,32,single_bin,cuda_reuse_global,17,4,0.036600000000000001,0.0030720001086592674,0.0051199998706579208,0.013632000423967838,8192,20,3072
run,32,single_bin,cuda_reuse_shared,17,5,0.0613,0.0038719999138265848,0.027648000046610832,0.013311999849975109,8192,20,3072
run,32,single_bin,cpu_optimized_2,18,0,0.00050000000000000001,0,0,0,8192,0,0
run,32,single_bin,cuda_simple_global,18,1,0.044200000000000003,0.0030720001086592674,0.0051199998706579208,0.014336000196635723,8192,0,0
run,32,single_bin,cuda_simple_shared,18,2,0.070300000000000001,0.0030720001086592674,0.032767999917268753,0.013311999849975109,8192,0,0
run,32,single_bin,cuda_reuse_global,18,3,0.039699999999999999,0.0028480000328272581,0.010239999741315842,0.013311999849975109,8192,21,3072
run,32,single_bin,cuda_reuse_shared,18,4,0.058599999999999999,0.0030720001086592674,0.027648000046610832,0.013567999936640263,8192,21,3072
run,32,single_bin,cpu_optimized_1,18,5,0.00050000000000000001,0,0,0,8192,0,0
run,32,single_bin,cuda_simple_global,19,0,0.049200000000000001,0.0020479999948292971,0.011264000087976456,0.013311999849975109,8192,0,0
run,32,single_bin,cuda_simple_shared,19,1,0.065500000000000003,0.0038079998921602964,0.027648000046610832,0.013311999849975109,8192,0,0
run,32,single_bin,cuda_reuse_global,19,2,0.041500000000000002,0.0020479999948292971,0.010239999741315842,0.013311999849975109,8192,22,3072
run,32,single_bin,cuda_reuse_shared,19,3,0.067400000000000002,0.003903999924659729,0.027648000046610832,0.013311999849975109,8192,22,3072
run,32,single_bin,cpu_optimized_1,19,4,0.00050000000000000001,0,0,0,8192,0,0
run,32,single_bin,cpu_optimized_2,19,5,0.00050000000000000001,0,0,0,8192,0,0
run,32,single_bin,cuda_simple_shared,20,0,0.073899999999999993,0.003008000086992979,0.034816000610589981,0.014336000196635723,8192,0,0
run,32,single_bin,cuda_reuse_global,20,1,0.042700000000000002,0.0020479999948292971,0.010239999741315842,0.013311999849975109,8192,23,3072
run,32,single_bin,cuda_reuse_shared,20,2,0.062600000000000003,0.0040959999896585941,0.026623999699950218,0.013439999893307686,8192,23,3072
run,32,single_bin,cpu_optimized_1,20,3,0.00059999999999999995,0,0,0,8192,0,0
run,32,single_bin,cpu_optimized_2,20,4,0.00050000000000000001,0,0,0,8192,0,0
run,32,single_bin,cuda_simple_global,20,5,0.044400000000000002,0.0040959999896585941,0.0051199998706579208,0.013311999849975109,8192,0,0
run,32,single_bin,cuda_reuse_global,21,0,0.037600000000000001,0.0030720001086592674,0.0051199998706579208,0.014336000196635723,8192,24,3072
run,32,single_bin,cuda_reuse_shared,21,1,0.063,0.0030720001086592674,0.028672000393271446,0.014336000196635723,8192,24,3072
run,32,single_bin,cpu_optimized_1,21,2,0.00050000000000000001,0,0,0,8192,0,0
run,32,single_bin,cpu_optimized_2,21,3,0.00050000000000000001,0,0,0,8192,0,0
run,32,single_bin,cuda_simple_global,21,4,0.0441,0.0040959999896585941,0.0051199998706579208,0.013311999849975109,8192,0,0
run,32,single_bin,cuda_simple_shared,21,5,0.076300000000000007,0.0030720001086592674,0.032767999917268753,0.013311999849975109,8192,0,0
run,32,single_bin,cuda_reuse_shared,22,0,0.065299999999999997,0.0020479999948292971,0.035840000957250595,0.013311999849975109,8192,25,3072
run,32,single_bin,cpu_optimized_1,22,1,0.00059999999999999995,0,0,0,8192,0,0
run,32,single_bin,cpu_optimized_2,22,2,0.00050000000000000001,0,0,0,8192,0,0
run,32,single_bin,cuda_simple_global,22,3,0.048599999999999997,0.0030720001086592674,0.010239999741315842,0.013311999849975109,8192,0,0
run,32,single_bin,cuda_simple_shared,22,4,0.070800000000000002,0.0020479999948292971,0.033792000263929367,0.013311999849975109,8192,0,0
run,32,single_bin,cuda_reuse_global,22,5,0.048500000000000001,0.0020479999948292971,0.010239999741315842,0.013472000136971474,8192,25,3072
run,32,single_bin,cpu_optimized_1,23,0,0.00059999999999999995,0,0,0,8192,0,0
run,32,single_bin,cpu_optimized_2,23,1,0.00050000000000000001,0,0,0,8192,0,0
run,32,single_bin,cuda_simple_global,23,2,0.048899999999999999,0.0030400000978261232,0.010239999741315842,0.013311999849975109,8192,0,0
run,32,single_bin,cuda_simple_shared,23,3,0.1002,0.0040959999896585941,0.027648000046610832,0.013311999849975109,8192,0,0
run,32,single_bin,cuda_reuse_global,23,4,0.039600000000000003,0.0030400000978261232,0.010239999741315842,0.013311999849975109,8192,26,3072
run,32,single_bin,cuda_reuse_shared,23,5,0.067799999999999999,0.003903999924659729,0.027648000046610832,0.013407999649643898,8192,26,3072
run,32,single_bin,cpu_optimized_2,24,0,0.00050000000000000001,0,0,0,8192,0,0
run,32,single_bin,cuda_simple_global,24,1,0.0441,0.0040959999896585941,0.0040959999896585941,0.013567999936640263,8192,0,0
run,32,single_bin,cuda_simple_shared,24,2,0.0717,0.0020479999948292971,0.032767999917268753,0.014336000196635723,8192,0,0
run,32,single_bin,cuda_reuse_global,24,3,0.057099999999999998,0.0030720001086592674,0.026623999699950218,0.013439999893307686,8192,27,3072
run,32,single_bin,cuda_reuse_shared,24,4,0.068400000000000002,0.0040959999896585941,0.027648000046610832,0.013567999936640263,8192,27,3072
run,32,single_bin,cpu_optimized_1,24,5,0.00050000000000000001,0,0,0,8192,0,0
retire,32,single_bin,cuda_reuse_global,-1,0,0.0038999999999999998,0,0,0,0,0,3072
retire,32,single_bin,cuda_reuse_shared,-1,1,0.10920000000000001,0,0,0,0,0,3072
setup,256,uniform,cuda_reuse_global,-1,0,0.053600000000000002,0,0,0,0,0,98304
setup,256,uniform,cuda_reuse_shared,-1,1,0.0166,0,0,0,0,0,98304
run,256,uniform,cuda_simple_global,0,0,0.23350000000000001,0.0081919999793171883,0.0092160003259778023,0.024576000869274139,134250496,0,0
run,256,uniform,cuda_simple_shared,0,1,0.058400000000000001,0.0081919999793171883,0.0092160003259778023,0.015359999611973763,134250496,0,0
run,256,uniform,cuda_reuse_global,0,2,0.048399999999999999,0.0081919999793171883,0.0092160003259778023,0.015456000342965126,134250496,1,98304
run,256,uniform,cuda_reuse_shared,0,3,0.049099999999999998,0.0081919999793171883,0.0092160003259778023,0.015359999611973763,134250496,1,98304
run,256,uniform,cpu_optimized_1,0,4,0.018100000000000002,0,0,0,134250496,0,0
run,256,uniform,cpu_optimized_2,0,5,0.2387,0,0,0,134250496,0,0
run,256,uniform,cuda_simple_shared,1,0,0.1077,0.0071680000983178616,0.024576000869274139,0.033023998141288757,134250496,0,0
run,256,uniform,cuda_reuse_global,1,1,0.082699999999999996,0.0071680000983178616,0.026623999699950218,0.03187200054526329,134250496,4,98304
run,256,uniform,cuda_reuse_shared,1,2,0.1014,0.0071680000983178616,0.039935998618602753,0.038911998271942139,134250496,4,98304
run,256,uniform,cpu_optimized_1,1,3,0.02,0,0,0,134250496,0,0
run,256,uniform,cpu_optimized_2,1,4,0.128,0,0,0,134250496,0,0
run,256,uniform,cuda_simple_global,1,5,0.083199999999999996,0.014336000196635723,0.0092160003259778023,0.015359999611973763,134250496,0,0
run,256,uniform,cuda_reuse_global,2,0,0.050799999999999998,0.0081919999793171883,0.0092160003259778023,0.015359999611973763,134250496,5,98304
run,256,uniform,cuda_reuse_shared,2,1,0.046199999999999998,0.0080319996923208237,0.0092160003259778023,0.015359999611973763,134250496,5,98304
run,256,uniform,cpu_optimized_1,2,2,0.02,0,0,0,134250496,0,0
run,256,uniform,cpu_optimized_2,2,3,0.11459999999999999,0,0,0,134250496,0,0
run,256,uniform,cuda_simple_global,2,4,0.081000000000000003,0.014336000196635723,0.0092160003259778023,0.015424000099301338,134250496,0,0
run,256,uniform,cuda_simple_shared,2,5,0.057500000000000002,0.0071680000983178616,0.0092160003259778023,0.015584000386297703,134250496,0,0
run,256,uniform,cuda_reuse_shared,3,0,0.049700000000000001,0.0080960001796483994,0.0081919999793171883,0.016383999958634377,134250496,6,98304
run,256,uniform,cpu_optimized_1,3,1,0.018200000000000001,0,0,0,134250496,0,0
run,256,uniform,cpu_optimized_2,3,2,0.1181,0,0,0,134250496,0,0
run,256,uniform,cuda_simple_global,3,3,0.16839999999999999,0.047104001045227051,0.0081919999793171883,0.056288000196218491,134250496,0,0
run,256,uniform,cuda_simple_shared,3,4,0.122,0.0079359998926520348,0.034816000610589981,0.036864001303911209,134250496,0,0
run,256,uniform,cuda_reuse_global,3,5,0.087900000000000006,0.0071680000983178616,0.031743999570608139,0.031743999570608139,134250496,6,98304
run,256,uniform,cpu_optimized_1,4,0,0.019800000000000002,0,0,0,134250496,0,0
run,256,uniform,cpu_optimized_2,4,1,0.14249999999999999,0,0,0,134250496,0,0
run,256,uniform,cuda_simple_global,4,2,0.1009,0.014336000196635723,0.014336000196635723,0.024576000869274139,134250496,0,0
run,256,uniform,cuda_simple_shared,4,3,0.082799999999999999,0.0071680000983178616,0.014336000196635723,0.031743999570608139,134250496,0,0
run,256,uniform,cuda_reuse_global,4,4,0.6381,0.0081919999793171883,0.0081919999793171883,0.60416001081466675,134250496,7,98304
run,256,uniform,cuda_reuse_shared,4,5,0.4834,0.0081919999793171883,0.0092160003259778023,0.21401600539684296,134250496,7,98304
run,256,uniform,cpu_optimized_2,5,0,0.14299999999999999,0,0,0,134250496,0,0
run,256,uniform,cuda_simple_global,5,1,0.15820000000000001,0.037888001650571823,0.0092160003259778023,0.054559998214244843,134250496,0,0
run,256,uniform,cuda_simple_shared,5,2,0.1206,0.0080319996923208237,0.033792000263929367,0.035840000957250595,134250496,0,0
run,256,uniform,cuda_reuse_global,5,3,0.091700000000000004,0.0071680000983178616,0.031743999570608139,0.035840000957250595,134250496,8,98304
run,256,uniform,cuda_reuse_shared,5,4,0.094899999999999998,0.0071680000983178616,0.030719999223947525,0.040959998965263367,134250496,8,98304
run,256,uniform,cpu_optimized_1,5,5,0.023099999999999999,0,0,0,134250496,0,0
run,256,uniform,cuda_simple_global,6,0,0.12559999999999999,0.0071680000983178616,0.034816000610589981,0.034079998731613159,134250496,0,0
run,256,uniform,cuda_simple_shared,6,1,0.1242,0.0079680001363158226,0.030719999223947525,0.040224000811576843,134250496,0,0
run,256,uniform,cuda_reuse_global,6,2,0.094600000000000004,0.0071680000983178616,0.035840000957250595,0.033792000263929367,134250496,9,98304
run,256,uniform,cuda_reuse_shared,6,3,0.34899999999999998,0.016063999384641647,0.0081919999793171883,0.28876799345016479,134250496,9,98304
run,256,uniform,cpu_optimized_1,6,4,0.018800000000000001,0,0,0,134250496,0,0
run,256,uniform,cpu_optimized_2,6,5,0.12790000000000001,0,0,0,134250496,0,0
run,256,uniform,cuda_simple_shared,7,0,0.2142,0.0081919999793171883,0.043007999658584595,0.10547199845314026,134250496,0,0
run,256,uniform,cuda_reuse_global,7,1,0.097199999999999995,0.0081599997356534004,0.034816000610589981,0.037888001650571823,134250496,10,98304
run,256,uniform,cuda_reuse_shared,7,2,0.089999999999999997,0.0081919999793171883,0.028672000393271446,0.037888001650571823,134250496,10,98304
run,256,uniform,cpu_optimized_1,7,3,0.019199999999999998,0,0,0,134250496,0,0
run,256,uniform,cpu_optimized_2,7,4,0.16300000000000001,0,0,0,134250496,0,0
run,256,uniform,cuda_simple_global,7,5,0.1401,0.0081919999793171883,0.043007999658584595,0.036864001303911209,134250496,0,0
run,256,uniform,cuda_reuse_global,8,0,0.094500000000000001,0.0080639999359846115,0.032767999917268753,0.037119999527931213,134250496,11,98304
run,256,uniform,cuda_reuse_shared,8,1,0.1099,0.0081919999793171883,0.036864001303911209,0.031775999814271927,134250496,11,98304
run,256,uniform,cpu_optimized_1,8,2,0.019,0,0,0,134250496,0,0
run,256,uniform,cpu_optimized_2,8,3,0.1036,0,0,0,134250496,0,0
run,256,uniform,cuda_simple_global,8,4,0.43149999999999999,0.0092160003259778023,0.0081919999793171883,0.19456000626087189,134250496,0,0
run,256,uniform,cuda_simple_shared,8,5,0.27389999999999998,0.0081919999793171883,0.0081919999793171883,0.056320000439882278,134250496,0,0
run,256,uniform,cuda_reuse_shared,9,0,0.12239999999999999,0.014336000196635723,0.040991999208927155,0.035039998590946198,134250496,12,98304
run,256,uniform,cpu_optimized_1,9,1,0.018499999999999999,0,0,0,134250496,0,0
run,256,uniform,cpu_optimized_2,9,2,0.11169999999999999,0,0,0,134250496,0,0
run,256,uniform,cuda_simple_global,9,3,0.0974,0.015359999611973763,0.0092160003259778023,0.030880000442266464,134250496,0,0
run,256,uniform,cuda_simple_shared,9,4,0.0574,0.0081919999793171883,0.0092160003259778023,0.015359999611973763,134250496,0,0
run,256,uniform,cuda_reuse_global,9,5,0.055800000000000002,0.0081919999793171883,0.0081919999793171883,0.022719999775290489,134250496,12,98304
run,256,uniform,cpu_optimized_1,10,0,0.018100000000000002,0,0,0,134250496,0,0
run,256,uniform,cpu_optimized_2,10,1,0.1207,0,0,0,134250496,0,0
run,256,uniform,cuda_simple_global,10,2,0.10730000000000001,0.015359999611973763,0.0092160003259778023,0.041983999311923981,134250496,0,0
run,256,uniform,cuda_simple_shared,10,3,0.0567,0.0080639999359846115,0.0092160003259778023,0.015359999611973763,134250496,0,0
run,256,uniform,cuda_reuse_global,10,4,0.056000000000000001,0.0081919999793171883,0.0081919999793171883,0.023552000522613525,134250496,13,98304
run,256,uniform,cuda_reuse_shared,10,5,0.046800000000000001,0.0081919999793171883,0.0092160003259778023,0.015552000142633915,134250496,13,98304
run,256,uniform,cpu_optimized_2,11,0,0.11020000000000001,0,0,0,134250496,0,0
run,256,uniform,cuda_simple_global,11,1,0.078299999999999995,0.015135999768972397,0.0092160003259778023,0.015359999611973763,134250496,0,0
run,256,uniform,cuda_simple_shared,11,2,0.0574,0.0081919999793171883,0.0081919999793171883,0.016383999958634377,134250496,0,0
run,256,uniform,cuda_reuse_global,11,3,0.048099999999999997,0.0081919999793171883,0.0081919999793171883,0.015359999611973763,134250496,14,98304
run,256,uniform,cuda_reuse_shared,11,4,0.047699999999999999,0.0079039996489882469,0.0092160003259778023,0.015359999611973763,134250496,14,98304
run,256,uniform,cpu_optimized_1,11,5,0.0178,0,0,0,134250496,0,0
run,256,uniform,cuda_simple_global,12,0,0.056500000000000002,0.0081919999793171883,0.0081919999793171883,0.015487999655306339,134250496,0,0
run,256,uniform,cuda_simple_shared,12,1,0.44840000000000002,0.011264000087976456,0.015359999611973763,0.035840000957250595,134250496,0,0
run,256,uniform,cuda_reuse_global,12,2,0.064299999999999996,0.014336000196635723,0.015359999611973763,0.01539199985563755,134250496,15,98304
run,256,uniform,cuda_reuse_shared,12,3,0.061899999999999997,0.0081919999793171883,0.0092160003259778023,0.024576000869274139,134250496,15,98304
run,256,uniform,cpu_optimized_1,12,4,0.017999999999999999,0,0,0,134250496,0,0
run,256,uniform,cpu_optimized_2,12,5,0.14549999999999999,0,0,0,134250496,0,0
run,256,uniform,cuda_simple_shared,13,0,0.1241,0.026623999699950218,0.0092160003259778023,0.015359999611973763,134250496,0,0
run,256,uniform,cuda_reuse_global,13,1,0.049200000000000001,0.0081919999793171883,0.0092160003259778023,0.015359999611973763,134250496,16,98304
run,256,uniform,cuda_reuse_shared,13,2,0.054399999999999997,0.0071680000983178616,0.0092160003259778023,0.015359999611973763,134250496,16,98304
run,256,uniform,cpu_optimized_1,13,3,0.018100000000000002,0,0,0,134250496,0,0
run,256,uniform,cpu_optimized_2,13,4,0.1085,0,0,0,134250496,0,0
run,256,uniform,cuda_simple_global,13,5,0.10680000000000001,0.014336000196635723,0.015359999611973763,0.027648000046610832,134250496,0,0
run,256,uniform,cuda_reuse_global,14,0,0.052299999999999999,0.0092160003259778023,0.0081919999793171883,0.016383999958634377,134250496,17,98304
run,256,uniform,cuda_reuse_shared,14,1,0.057500000000000002,0.0079359998926520348,0.015359999611973763,0.015359999611973763,134250496,17,98304
run,256,uniform,cpu_optimized_1,14,2,0.0224,0,0,0,134250496,0,0
run,256,uniform,cpu_optimized_2,14,3,0.15329999999999999,0,0,0,134250496,0,0
run,256,uniform,cuda_simple_global,14,4,0.1118,0.015359999611973763,0.0081919999793171883,0.043007999658584595,134250496,0,0
run,256,uniform,cuda_simple_shared,14,5,0.0659,0.0081919999793171883,0.0092160003259778023,0.022719999775290489,134250496,0,0
run,256,uniform,cuda_reuse_shared,15,0,0.84799999999999998,0.0081919999793171883,0.0092160003259778023,0.3758080005645752,134250496,18,98304
run,256,uniform,cpu_optimized_1,15,1,0.0184,0,0,0,134250496,0,0
run,256,uniform,cpu_optimized_2,15,2,0.12720000000000001,0,0,0,134250496,0,0
run,256,uniform,cuda_simple_global,15,3,0.1033,0.015135999768972397,0.0092160003259778023,0.038911998271942139,134250496,0,0
run,256,uniform,cuda_simple_shared,15,4,0.087800000000000003,0.015200000256299973,0.0092160003259778023,0.03811199963092804,134250496,0,0
run,256,uniform,cuda_reuse_global,15,5,0.050200000000000002,0.0080000003799796104,0.0092160003259778023,0.015359999611973763,134250496,18,98304
run,256,uniform,cpu_optimized_1,16,0,0.017999999999999999,0,0,0,134250496,0,0
run,256,uniform,cpu_optimized_2,16,1,0.125,0,0,0,134250496,0,0
run,256,uniform,cuda_simple_global,16,2,0.10589999999999999,0.015039999969303608,0.0092160003259778023,0.042112000286579132,134250496,0,0
run,256,uniform,cuda_simple_shared,16,3,0.056399999999999999,0.0071680000983178616,0.0092160003259778023,0.015359999611973763,134250496,0,0
run,256,uniform,cuda_reuse_global,16,4,0.047100000000000003,0.0081919999793171883,0.0081919999793171883,0.015519999898970127,134250496,19,98304
run,256,uniform,cuda_reuse_shared,16,5,0.051200000000000002,0.0089600002393126488,0.0081919999793171883,0.015487999655306339,134250496,19,98304
run,256,uniform,cpu_optimized_2,17,0,0.114,0,0,0,134250496,0,0
run,256,uniform,cuda_simple_global,17,1,0.097500000000000003,0.015200000256299973,0.0092160003259778023,0.03187200054526329,134250496,0,0
run,256,uniform,cuda_simple_shared,17,2,0.066900000000000001,0.0071680000983178616,0.0092160003259778023,0.024576000869274139,134250496,0,0
run,256,uniform,cuda_reuse_global,17,3,0.055800000000000002,0.0081919999793171883,0.0081919999793171883,0.024576000869274139,134250496,20,98304
run,256,uniform,cuda_reuse_shared,17,4,0.046699999999999998,0.0081919999793171883,0.0092160003259778023,0.015359999611973763,134250496,20,98304
run,256,uniform,cpu_optimized_1,17,5,0.018800000000000001,0,0,0,134250496,0,0
run,256,uniform,cuda_simple_global,18,0,0.068099999999999994,0.0081919999793171883,0.0081919999793171883,0.024576000869274139,134250496,0,0
run,256,uniform,cuda_simple_shared,18,1,0.069800000000000001,0.0079039996489882469,0.0092160003259778023,0.026784000918269157,134250496,0,0
run,256,uniform,cuda_reuse_global,18,2,0.056500000000000002,0.0081919999793171883,0.0081919999793171883,0.025631999596953392,134250496,21,98304
run,256,uniform,cuda_reuse_shared,18,3,0.046300000000000001,0.0080639999359846115,0.0092160003259778023,0.015359999611973763,134250496,21,98304
run,256,uniform,cpu_optimized_1,18,4,0.017999999999999999,0,0,0,134250496,0,0
run,256,uniform,cpu_optimized_2,18,5,0.11509999999999999,0,0,0,134250496,0,0
run,256,uniform,cuda_simple_shared,19,0,0.099000000000000005,0.015359999611973763,0.0092160003259778023,0.034848000854253769,134250496,0,0
run,256,uniform,cuda_reuse_global,19,1,0.046699999999999998,0.0081280004233121872,0.0081919999793171883,0.015680000185966492,134250496,22,98304
run,256,uniform,cuda_reuse_shared,19,2,0.069199999999999998,0.0071680000983178616,0.0092160003259778023,0.028672000393271446,134250496,22,98304
run,256,uniform,cpu_optimized_1,19,3,0.0183,0,0,0,134250496,0,0
run,256,uniform,cpu_optimized_2,19,4,0.11650000000000001,0,0,0,134250496,0,0
run,256,uniform,cuda_simple_global,19,5,0.10199999999999999,0.015359999611973763,0.0081919999793171883,0.039935998618602753,134250496,0,0
run,256,uniform,cuda_reuse_global,20,0,0.056000000000000001,0.0071680000983178616,0.014336000196635723,0.015519999898970127,134250496,23,98304
run,256,uniform,cuda_reuse_shared,20,1,0.0465,0.0081919999793171883,0.0081919999793171883,0.015487999655306339,134250496,23,98304
run,256,uniform,cpu_optimized_1,20,2,0.018200000000000001,0,0,0,134250496,0,0
run,256,uniform,cpu_optimized_2,20,3,0.11849999999999999,0,0,0,134250496,0,0
run,256,uniform,cuda_simple_global,20,4,0.15640000000000001,0.03670400008559227,0.0090880002826452255,0.053984001278877258,134250496,0,0
run,256,uniform,cuda_simple_shared,20,5,0.12379999999999999,0.0079680001363158226,0.034816000610589981,0.036928001791238785,134250496,0,0
run,256,uniform,cuda_reuse_shared,21,0,0.108,0.0071680000983178616,0.031743999570608139,0.037888001650571823,134250496,24,98304
run,256,uniform,cpu_optimized_1,21,1,0.019099999999999999,0,0,0,134250496,0,0
run,256,uniform,cpu_optimized_2,21,2,0.13789999999999999,0,0,0,134250496,0,0
run,256,uniform,cuda_simple_global,21,3,0.078899999999999998,0.015359999611973763,0.0081919999793171883,0.015359999611973763,134250496,0,0
run,256,uniform,cuda_simple_shared,21,4,0.065500000000000003,0.0081919999793171883,0.0092160003259778023,0.023552000522613525,134250496,0,0
run,256,uniform,cuda_reuse_global,21,5,0.059799999999999999,0.0071680000983178616,0.0092160003259778023,0.028831999748945236,134250496,24,98304
run,256,uniform,cpu_optimized_1,22,0,0.018200000000000001,0,0,0,134250496,0,0
run,256,uniform,cpu_optimized_2,22,1,0.12479999999999999,0,0,0,134250496,0,0
run,256,uniform,cuda_simple_global,22,2,0.091300000000000006,0.015359999611973763,0.014336000196635723,0.01539199985563755,134250496,0,0
run,256,uniform,cuda_simple_shared,22,3,0.070000000000000007,0.0081919999793171883,0.0092160003259778023,0.025599999353289604,134250496,0,0
run,256,uniform,cuda_reuse_global,22,4,0.047500000000000001,0.0071680000983178616,0.0092160003259778023,0.015359999611973763,134250496,25,98304
run,256,uniform,cuda_reuse_shared,22,5,0.051700000000000003,0.0071680000983178616,0.014336000196635723,0.015487999655306339,134250496,25,98304
run,256,uniform,cpu_optimized_2,23,0,0.14480000000000001,0,0,0,134250496,0,0
run,256,uniform,cuda_simple_global,23,1,0.1605,0.015359999611973763,0.049152001738548279,0.037119999527931213,134250496,0,0
run,256,uniform,cuda_simple_shared,23,2,0.1192,0.0071680000983178616,0.033792000263929367,0.035840000957250595,134250496,0,0
run,256,uniform,cuda_reuse_global,23,3,0.086699999999999999,0.0078720003366470337,0.030719999223947525,0.031743999570608139,134250496,26,98304
run,256,uniform,cuda_reuse_shared,23,4,0.088400000000000006,0.0071680000983178616,0.030719999223947525,0.034816000610589981,134250496,26,98304
run,256,uniform,cpu_optimized_1,23,5,0.019800000000000002,0,0,0,134250496,0,0
run,256,uniform,cuda_simple_global,24,0,0.093899999999999997,0.014336000196635723,0.0092160003259778023,0.030719999223947525,134250496,0,0
run,256,uniform,cuda_simple_shared,24,1,0.056800000000000003,0.0081919999793171883,0.0092160003259778023,0.015359999611973763,134250496,0,0
run,256,uniform,cuda_reuse_global,24,2,0.054100000000000002,0.0071680000983178616,0.0092160003259778023,0.022528000175952911,134250496,27,98304
run,256,uniform,cuda_reuse_shared,24,3,0.045999999999999999,0.0080960001796483994,0.0092160003259778023,0.015359999611973763,134250496,27,98304
run,256,uniform,cpu_optimized_1,24,4,0.017899999999999999,0,0,0,134250496,0,0
run,256,uniform,cpu_optimized_2,24,5,0.1154,0,0,0,134250496,0,0
retire,256,uniform,cuda_reuse_global,-1,0,0.0143,0,0,0,0,0,98304
retire,256,uniform,cuda_reuse_shared,-1,1,0.1452,0,0,0,0,0,98304
setup,256,single_bin,cuda_reuse_global,-1,0,0.072499999999999995,0,0,0,0,0,98304
setup,256,single_bin,cuda_reuse_shared,-1,1,0.0183,0,0,0,0,0,98304
run,256,single_bin,cuda_simple_shared,0,0,0.42280000000000001,0.0081919999793171883,0.10444799810647964,0.016383999958634377,126353408,0,0
run,256,single_bin,cuda_reuse_global,0,1,0.058999999999999997,0.0081919999793171883,0.010239999741315842,0.022528000175952911,126353408,1,98304
run,256,single_bin,cuda_reuse_shared,0,2,0.13919999999999999,0.0071680000983178616,0.099327996373176575,0.015456000342965126,126353408,1,98304
run,256,single_bin,cpu_optimized_1,0,3,0.018599999999999998,0,0,0,126353408,0,0
run,256,single_bin,cpu_optimized_2,0,4,0.14410000000000001,0,0,0,126353408,0,0
run,256,single_bin,cuda_simple_global,0,5,0.21179999999999999,0.039935998618602753,0.062463998794555664,0.044032000005245209,126353408,0,0
run,256,single_bin,cuda_reuse_global,1,0,0.32850000000000001,0.0071680000983178616,0.010239999741315842,0.28467199206352234,126353408,4,98304
run,256,single_bin,cuda_reuse_shared,1,1,0.14419999999999999,0.0081919999793171883,0.10649599879980087,0.015424000099301338,126353408,4,98304
run,256,single_bin,cpu_optimized_1,1,2,0.017999999999999999,0,0,0,126353408,0,0
run,256,single_bin,cpu_optimized_2,1,3,0.1232,0,0,0,126353408,0,0
run,256,single_bin,cuda_simple_global,1,4,0.18440000000000001,0.040927998721599579,0.025919999927282333,0.05939200147986412,126353408,0,0
run,256,single_bin,cuda_simple_shared,1,5,0.22470000000000001,0.0079039996489882469,0.13209599256515503,0.037888001650571823,126353408,0,0
run,256,single_bin,cuda_reuse_shared,2,0,0.18740000000000001,0.0071680000983178616,0.13516800105571747,0.026815999299287796,126353408,5,98304
run,256,single_bin,cpu_optimized_1,2,1,0.019199999999999998,0,0,0,126353408,0,0
run,256,single_bin,cpu_optimized_2,2,2,0.11700000000000001,0,0,0,126353408,0,0
run,256,single_bin,cuda_simple_global,2,3,0.084099999999999994,0.016383999958634377,0.010239999741315842,0.015359999611973763,126353408,0,0
run,256,single_bin,cuda_simple_shared,2,4,0.14999999999999999,0.0079680001363158226,0.10035199671983719,0.015680000185966492,126353408,0,0
run,256,single_bin,cuda_reuse_global,2,5,0.054300000000000001,0.0071680000983178616,0.017408000305294991,0.015359999611973763,126353408,5,98304
run,256,single_bin,cpu_optimized_1,3,0,0.018800000000000001,0,0,0,126353408,0,0
run,256,single_bin,cpu_optimized_2,3,1,0.1328,0,0,0,126353408,0,0
run,256,single_bin,cuda_simple_global,3,2,0.1037,0.015296000055968761,0.010239999741315842,0.038911998271942139,126353408,0,0
run,256,single_bin,cuda_simple_shared,3,3,0.1487,0.0080960001796483994,0.10035199671983719,0.015615999698638916,126353408,0,0
run,256,single_bin,cuda_reuse_global,3,4,0.052900000000000003,0.0081919999793171883,0.010239999741315842,0.015456000342965126,126353408,6,98304
run,256,single_bin,cuda_reuse_shared,3,5,0.13730000000000001,0.0081919999793171883,0.099359996616840363,0.016351999714970589,126353408,6,98304
run,256,single_bin,cpu_optimized_2,4,0,0.13589999999999999,0,0,0,126353408,0,0
run,256,single_bin,cuda_simple_global,4,1,0.38150000000000001,0.0081919999793171883,0.010239999741315842,0.037888001650571823,126353408,0,0
run,256,single_bin,cuda_simple_shared,4,2,0.21629999999999999,0.0071680000983178616,0.13312000036239624,0.033952001482248306,126353408,0,0
run,256,single_bin,cuda_reuse_global,4,3,0.1187,0.0081919999793171883,0.035840000957250595,0.043168000876903534,126353408,7,98304
run,256,single_bin,cuda_reuse_shared,4,4,0.17960000000000001,0.0081599997356534004,0.12083200365304947,0.034816000610589981,126353408,7,98304
run,256,single_bin,cpu_optimized_1,4,5,0.018800000000000001,0,0,0,126353408,0,0
run,256,single_bin,cuda_simple_global,5,0,0.11550000000000001,0.0071680000983178616,0.032767999917268753,0.031743999570608139,126353408,0,0
run,256,single_bin,cuda_simple_shared,5,1,0.20669999999999999,0.0071680000983178616,0.12390399724245071,0.034816000610589981,126353408,0,0
run,256,single_bin,cuda_reuse_global,5,2,0.21540000000000001,0.10649599879980087,0.010239999741315842,0.067584000527858734,126353408,8,98304
run,256,single_bin,cuda_reuse_shared,5,3,0.16400000000000001,0.0071680000983178616,0.10035199671983719,0.039935998618602753,126353408,8,98304
run,256,single_bin,cpu_optimized_1,5,4,0.018499999999999999,0,0,0,126353408,0,0
run,256,single_bin,cpu_optimized_2,5,5,0.11700000000000001,0,0,0,126353408,0,0
run,256,single_bin,cuda_simple_shared,6,0,0.17810000000000001,0.016224000602960587,0.10444799810647964,0.016383999958634377,126353408,0,0
run,256,single_bin,cuda_reuse_global,6,1,0.051200000000000002,0.0081919999793171883,0.0092160003259778023,0.016383999958634377,126353408,9,98304
run,256,single_bin,cuda_reuse_shared,6,2,0.13869999999999999,0.0080960001796483994,0.1013759970664978,0.015359999611973763,126353408,9,98304
run,256,single_bin,cpu_optimized_1,6,3,0.018700000000000001,0,0,0,126353408,0,0
run,256,single_bin,cpu_optimized_2,6,4,0.1152,0,0,0,126353408,0,0
run,256,single_bin,cuda_simple_global,6,5,0.1056,0.015359999611973763,0.010239999741315842,0.041983999311923981,126353408,0,0
run,256,single_bin,cuda_reuse_global,7,0,0.0499,0.0081919999793171883,0.010239999741315842,0.015359999611973763,126353408,10,98304
run,256,single_bin,cuda_reuse_shared,7,1,0.1391,0.0071680000983178616,0.1013759970664978,0.016383999958634377,126353408,10,98304
run,256,single_bin,cpu_optimized_1,7,2,0.0235,0,0,0,126353408,0,0
run,256,single_bin,cpu_optimized_2,7,3,0.126,0,0,0,126353408,0,0
run,256,single_bin,cuda_simple_global,7,4,0.37380000000000002,0.0081919999793171883,0.010239999741315842,0.015359999611973763,126353408,0,0
run,256,single_bin,cuda_simple_shared,7,5,0.1686,0.0071680000983178616,0.10956799983978271,0.015519999898970127,126353408,0,0
run,256,single_bin,cuda_reuse_shared,8,0,0.15939999999999999,0.0081919999793171883,0.11673600226640701,0.015359999611973763,126353408,11,98304
run,256,single_bin,cpu_optimized_1,8,1,0.035499999999999997,0,0,0,126353408,0,0
run,256,single_bin,cpu_optimized_2,8,2,0.14849999999999999,0,0,0,126353408,0,0
run,256,single_bin,cuda_simple_global,8,3,0.088900000000000007,0.015359999611973763,0.010239999741315842,0.015552000142633915,126353408,0,0
run,256,single_bin,cuda_simple_shared,8,4,0.15160000000000001,0.0090560000389814377,0.1013759970664978,0.015359999611973763,126353408,0,0
run,256,single_bin,cuda_reuse_global,8,5,0.050900000000000001,0.0081919999793171883,0.010239999741315842,0.015359999611973763,126353408,11,98304
run,256,single_bin,cpu_optimized_1,9,0,0.018499999999999999,0,0,0,126353408,0,0
run,256,single_bin,cpu_optimized_2,9,1,0.11700000000000001,0,0,0,126353408,0,0
run,256,single_bin,cuda_simple_global,9,2,0.85709999999999997,0.0081919999793171883,0.010239999741315842,0.51200002431869507,126353408,0,0
run,256,single_bin,cuda_simple_shared,9,3,0.1593,0.0071680000983178616,0.11059200018644333,0.016383999958634377,126353408,0,0
run,256,single_bin,cuda_reuse_global,9,4,0.061499999999999999,0.0079359998926520348,0.010239999741315842,0.023776000365614891,126353408,12,98304
run,256,single_bin,cuda_reuse_shared,9,5,0.13869999999999999,0.0081919999793171883,0.1013759970664978,0.015359999611973763,126353408,12,98304
run,256,single_bin,cpu_optimized_2,10,0,0.12039999999999999,0,0,0,126353408,0,0
run,256,single_bin,cuda_simple_global,10,1,0.1036,0.014336000196635723,0.016383999958634377,0.024607999250292778,126353408,0,0
run,256,single_bin,cuda_simple_shared,10,2,0.1585,0.0071680000983178616,0.10751999914646149,0.015359999611973763,126353408,0,0
run,256,single_bin,cuda_reuse_global,10,3,0.051700000000000003,0.0081919999793171883,0.010239999741315842,0.015424000099301338,126353408,13,98304
run,256,single_bin,cuda_reuse_shared,10,4,0.1406,0.0071680000983178616,0.10035199671983719,0.016383999958634377,126353408,13,98304
run,256,single_bin,cpu_optimized_1,10,5,0.025399999999999999,0,0,0,126353408,0,0
run,256,single_bin,cuda_simple_global,11,0,0.061699999999999998,0.0081919999793171883,0.010239999741315842,0.015359999611973763,126353408,0,0
run,256,single_bin,cuda_simple_shared,11,1,0.14940000000000001,0.0081919999793171883,0.10035199671983719,0.015424000099301338,126353408,0,0
run,256,single_bin,cuda_reuse_global,11,2,0.060400000000000002,0.0081919999793171883,0.010239999741315842,0.023584000766277313,126353408,14,98304
run,256,single_bin,cuda_reuse_shared,11,3,0.13900000000000001,0.0081919999793171883,0.1013759970664978,0.015359999611973763,126353408,14,98304
run,256,single_bin,cpu_optimized_1,11,4,0.023699999999999999,0,0,0,126353408,0,0
run,256,single_bin,cpu_optimized_2,11,5,0.1288,0,0,0,126353408,0,0
run,256,single_bin,cuda_simple_shared,12,0,0.3992,0.0071680000983178616,0.1013759970664978,0.015552000142633915,126353408,0,0
run,256,single_bin,cuda_reuse_global,12,1,0.053100000000000001,0.0081919999793171883,0.010239999741315842,0.015584000386297703,126353408,15,98304
run,256,single_bin,cuda_reuse_shared,12,2,0.15490000000000001,0.0081919999793171883,0.1085439994931221,0.015359999611973763,126353408,15,98304
run,256,single_bin,cpu_optimized_1,12,3,0.023199999999999998,0,0,0,126353408,0,0
run,256,single_bin,cpu_optimized_2,12,4,0.13900000000000001,0,0,0,126353408,0,0
run,256,single_bin,cuda_simple_global,12,5,0.097799999999999998,0.015359999611973763,0.010239999741315842,0.031808000057935715,126353408,0,0
run,256,single_bin,cuda_reuse_global,13,0,0.0504,0.0081919999793171883,0.010239999741315842,0.015359999611973763,126353408,16,98304
run,256,single_bin,cuda_reuse_shared,13,1,0.1389,0.0071680000983178616,0.10035199671983719,0.015519999898970127,126353408,16,98304
run,256,single_bin,cpu_optimized_1,13,2,0.018100000000000002,0,0,0,126353408,0,0
run,256,single_bin,cpu_optimized_2,13,3,0.1222,0,0,0,126353408,0,0
run,256,single_bin,cuda_simple_global,13,4,0.094399999999999998,0.015359999611973763,0.016383999958634377,0.015359999611973763,126353408,0,0
run,256,single_bin,cuda_simple_shared,13,5,0.151,0.0081919999793171883,0.1013759970664978,0.015359999611973763,126353408,0,0
run,256,single_bin,cuda_reuse_shared,14,0,0.14849999999999999,0.0071680000983178616,0.11059200018644333,0.015456000342965126,126353408,17,98304
run,256,single_bin,cpu_optimized_1,14,1,0.018800000000000001,0,0,0,126353408,0,0
run,256,single_bin,cpu_optimized_2,14,2,0.12859999999999999,0,0,0,126353408,0,0
run,256,single_bin,cuda_simple_global,14,3,0.43909999999999999,0.014336000196635723,0.011264000087976456,0.37171199917793274,126353408,0,0
run,256,single_bin,cuda_simple_shared,14,4,0.1515,0.0081919999793171883,0.10239999741315842,0.015359999611973763,126353408,0,0
run,256,single_bin,cuda_reuse_global,14,5,0.050799999999999998,0.0080000003799796104,0.010239999741315842,0.015456000342965126,126353408,17,98304
run,256,single_bin,cpu_optimized_1,15,0,0.0229,0,0,0,126353408,0,0
run,256,single_bin,cpu_optimized_2,15,1,0.1221,0,0,0,126353408,0,0
run,256,single_bin,cuda_simple_global,15,2,0.0964,0.015359999611973763,0.010239999741315842,0.030719999223947525,126353408,0,0
run,256,single_bin,cuda_simple_shared,15,3,0.1502,0.0081280004233121872,0.10239999741315842,0.015359999611973763,126353408,0,0
run,256,single_bin,cuda_reuse_global,15,4,0.060699999999999997,0.0079039996489882469,0.010239999741315842,0.023679999634623528,126353408,18,98304
run,256,single_bin,cuda_reuse_shared,15,5,0.13930000000000001,0.0081919999793171883,0.1013759970664978,0.015456000342965126,126353408,18,98304
run,256,single_bin,cpu_optimized_2,16,0,0.1186,0,0,0,126353408,0,0
run,256,single_bin,cuda_simple_global,16,1,0.086499999999999994,0.015359999611973763,0.016383999958634377,0.015359999611973763,126353408,0,0
run,256,single_bin,cuda_simple_shared,16,2,0.15820000000000001,0.0081919999793171883,0.099327996373176575,0.015647999942302704,126353408,0,0
run,256,single_bin,cuda_reuse_global,16,3,0.050500000000000003,0.0081599997356534004,0.010239999741315842,0.015552000142633915,126353408,19,98304
run,256,single_bin,cuda_reuse_shared,16,4,0.1429,0.0081919999793171883,0.099327996373176575,0.015359999611973763,126353408,19,98304
run,256,single_bin,cpu_optimized_1,16,5,0.0184,0,0,0,126353408,0,0
run,256,single_bin,cuda_simple_global,17,0,0.066400000000000001,0.0081919999793171883,0.010239999741315842,0.023552000522613525,126353408,0,0
run,256,single_bin,cuda_simple_shared,17,1,0.1454,0.0081919999793171883,0.10035199671983719,0.016383999958634377,126353408,0,0
run,256,single_bin,cuda_reuse_global,17,2,0.061400000000000003,0.0071680000983178616,0.011264000087976456,0.022560000419616699,126353408,20,98304
run,256,single_bin,cuda_reuse_shared,17,3,0.13780000000000001,0.0081919999793171883,0.10035199671983719,0.015487999655306339,126353408,20,98304
run,256,single_bin,cpu_optimized_1,17,4,0.0183,0,0,0,126353408,0,0
run,256,single_bin,cpu_optimized_2,17,5,0.1183,0,0,0,126353408,0,0
run,256,single_bin,cuda_simple_shared,18,0,0.1704,0.0081919999793171883,0.11062400043010712,0.016351999714970589,126353408,0,0
run,256,single_bin,cuda_reuse_global,18,1,0.0511,0.0081919999793171883,0.010239999741315842,0.015359999611973763,126353408,21,98304
run,256,single_bin,cuda_reuse_shared,18,2,0.14319999999999999,0.0080319996923208237,0.1013759970664978,0.015359999611973763,126353408,21,98304
run,256,single_bin,cpu_optimized_1,18,3,0.022700000000000001,0,0,0,126353408,0,0
run,256,single_bin,cpu_optimized_2,18,4,0.12759999999999999,0,0,0,126353408,0,0
run,256,single_bin,cuda_simple_global,18,5,0.083099999999999993,0.015359999611973763,0.010239999741315842,0.015359999611973763,126353408,0,0
run,256,single_bin,cuda_reuse_global,19,0,0.0511,0.0079680001363158226,0.010239999741315842,0.015456000342965126,126353408,22,98304
run,256,single_bin,cuda_reuse_shared,19,1,0.13900000000000001,0.0081919999793171883,0.1013759970664978,0.015359999611973763,126353408,22,98304
run,256,single_bin,cpu_optimized_1,19,2,0.017899999999999999,0,0,0,126353408,0,0
run,256,single_bin,cpu_optimized_2,19,3,0.1144,0,0,0,126353408,0,0
run,256,single_bin,cuda_simple_global,19,4,0.096199999999999994,0.014336000196635723,0.010239999741315842,0.031743999570608139,126353408,0,0
run,256,single_bin,cuda_simple_shared,19,5,0.1502,0.0080960001796483994,0.10239999741315842,0.015359999611973763,126353408,0,0
run,256,single_bin,cuda_reuse_shared,20,0,0.1464,0.0071680000983178616,0.10444799810647964,0.015359999611973763,126353408,23,98304
run,256,single_bin,cpu_optimized_1,20,1,0.018200000000000001,0,0,0,126353408,0,0
run,256,single_bin,cpu_optimized_2,20,2,0.11459999999999999,0,0,0,126353408,0,0
run,256,single_bin,cuda_simple_global,20,3,0.081100000000000005,0.015359999611973763,0.010239999741315842,0.015487999655306339,126353408,0,0
run,256,single_bin,cuda_simple_shared,20,4,0.14990000000000001,0.0081919999793171883,0.1013759970664978,0.015359999611973763,126353408,0,0
run,256,single_bin,cuda_reuse_global,20,5,0.0625,0.0081599997356534004,0.010239999741315842,0.025599999353289604,126353408,23,98304
run,256,single_bin,cpu_optimized_1,21,0,0.018100000000000002,0,0,0,126353408,0,0
run,256,single_bin,cpu_optimized_2,21,1,0.113,0,0,0,126353408,0,0
run,256,single_bin,cuda_simple_global,21,2,0.3896,0.0081919999793171883,0.010239999741315842,0.026623999699950218,126353408,0,0
run,256,single_bin,cuda_simple_shared,21,3,0.14960000000000001,0.0080960001796483994,0.10239999741315842,0.016383999958634377,126353408,0,0
run,256,single_bin,cuda_reuse_global,21,4,0.067900000000000002,0.0081919999793171883,0.010239999741315842,0.02969600073993206,126353408,24,98304
run,256,single_bin,cuda_reuse_shared,21,5,0.13919999999999999,0.0081919999793171883,0.10035199671983719,0.016383999958634377,126353408,24,98304
run,256,single_bin,cpu_optimized_2,22,0,0.13750000000000001,0,0,0,126353408,0,0
run,256,single_bin,cuda_simple_global,22,1,0.42320000000000002,0.016095999628305435,0.010239999741315842,0.35635200142860413,126353408,0,0
run,256,single_bin,cuda_simple_shared,22,2,0.153,0.0081919999793171883,0.10342399775981903,0.015359999611973763,126353408,0,0
run,256,single_bin,cuda_reuse_global,22,3,0.057700000000000001,0.0071680000983178616,0.010239999741315842,0.025599999353289604,126353408,25,98304
run,256,single_bin,cuda_reuse_shared,22,4,0.1391,0.0081919999793171883,0.1013759970664978,0.01539199985563755,126353408,25,98304
run,256,single_bin,cpu_optimized_1,22,5,0.018200000000000001,0,0,0,126353408,0,0
run,256,single_bin,cuda_simple_global,23,0,0.066600000000000006,0.0081919999793171883,0.010239999741315842,0.023552000522613525,126353408,0,0
run,256,single_bin,cuda_simple_shared,23,1,0.14680000000000001,0.0081919999793171883,0.099327996373176575,0.01539199985563755,126353408,0,0
run,256,single_bin,cuda_reuse_global,23,2,0.047199999999999999,0.0081919999793171883,0.0092160003259778023,0.015519999898970127,126353408,26,98304
run,256,single_bin,cuda_reuse_shared,23,3,0.14280000000000001,0.0079680001363158226,0.10035199671983719,0.015584000386297703,126353408,26,98304
run,256,single_bin,cpu_optimized_1,23,4,0.018100000000000002,0,0,0,126353408,0,0
run,256,single_bin,cpu_optimized_2,23,5,0.12130000000000001,0,0,0,126353408,0,0
run,256,single_bin,cuda_simple_shared,24,0,0.1777,0.015359999611973763,0.10649599879980087,0.015519999898970127,126353408,0,0
run,256,single_bin,cuda_reuse_global,24,1,0.061199999999999997,0.0081919999793171883,0.0092160003259778023,0.024576000869274139,126353408,27,98304
run,256,single_bin,cuda_reuse_shared,24,2,0.13800000000000001,0.0071680000983178616,0.10035199671983719,0.015487999655306339,126353408,27,98304
run,256,single_bin,cpu_optimized_1,24,3,0.018200000000000001,0,0,0,126353408,0,0
run,256,single_bin,cpu_optimized_2,24,4,0.096100000000000005,0,0,0,126353408,0,0
run,256,single_bin,cuda_simple_global,24,5,0.074999999999999997,0.0071680000983178616,0.016383999958634377,0.015456000342965126,126353408,0,0
retire,256,single_bin,cuda_reuse_global,-1,0,0.0041000000000000003,0,0,0,0,0,98304
retire,256,single_bin,cuda_reuse_shared,-1,1,0.1391,0,0,0,0,0,98304
setup,1024,uniform,cuda_reuse_global,-1,0,0.13059999999999999,0,0,0,0,0,1572864
setup,1024,uniform,cuda_reuse_shared,-1,1,0.065199999999999994,0,0,0,0,0,1572864
run,1024,uniform,cuda_reuse_global,0,0,0.77580000000000005,0.12003199756145477,0.071456000208854675,0.10688000172376633,34360262656,1,1572864
run,1024,uniform,cuda_reuse_shared,0,1,0.29389999999999999,0.11859200149774551,0.041152000427246094,0.10966400057077408,34360262656,1,1572864
run,1024,uniform,cpu_optimized_1,0,2,0.44969999999999999,0,0,0,34360262656,0,0
run,1024,uniform,cpu_optimized_2,0,3,0.43690000000000001,0,0,0,34360262656,0,0
run,1024,uniform,cuda_simple_global,0,4,0.88270000000000004,0.11446399986743927,0.060639999806880951,0.10220800340175629,34360262656,0,0
run,1024,uniform,cuda_simple_shared,0,5,0.96060000000000001,0.10719999670982361,0.31775999069213867,0.098080001771450043,34360262656,0,0
run,1024,uniform,cuda_reuse_shared,1,0,0.3054,0.12707200646400452,0.036288000643253326,0.0984639972448349,34360262656,4,1572864
run,1024,uniform,cpu_optimized_1,1,1,0.37959999999999999,0,0,0,34360262656,0,0
run,1024,uniform,cpu_optimized_2,1,2,0.31909999999999999,0,0,0,34360262656,0,0
run,1024,uniform,cuda_simple_global,1,3,0.73370000000000002,0.10492800176143646,0.055840000510215759,0.17219200730323792,34360262656,0,0
run,1024,uniform,cuda_simple_shared,1,4,0.63570000000000004,0.10652799904346466,0.037856001406908035,0.10051199793815613,34360262656,0,0
run,1024,uniform,cuda_reuse_global,1,5,0.30590000000000001,0.12294399738311768,0.058111999183893204,0.09891200065612793,34360262656,4,1572864
run,1024,uniform,cpu_optimized_1,2,0,0.38319999999999999,0,0,0,34360262656,0,0
run,1024,uniform,cpu_optimized_2,2,1,0.31879999999999997,0,0,0,34360262656,0,0
run,1024,uniform,cuda_simple_global,2,2,0.61499999999999999,0.10627199709415436,0.056543998420238495,0.10025600343942642,34360262656,0,0
run,1024,uniform,cuda_simple_shared,2,3,0.59089999999999998,0.10710400342941284,0.039328001439571381,0.099487997591495514,34360262656,0,0
run,1024,uniform,cuda_reuse_global,2,4,0.3009,0.11932799965143204,0.057760000228881836,0.10195200145244598,34360262656,5,1572864
run,1024,uniform,cuda_reuse_shared,2,5,0.26950000000000002,0.11875200271606445,0.036191999912261963,0.097344003617763519,34360262656,5,1572864
run,1024,uniform,cpu_optimized_2,3,0,0.31740000000000002,0,0,0,34360262656,0,0
run,1024,uniform,cuda_simple_global,3,1,0.65339999999999998,0.10742399841547012,0.057440001517534256,0.090879999101161957,34360262656,0,0
run,1024,uniform,cuda_simple_shared,3,2,0.60740000000000005,0.10620799660682678,0.036928001791238785,0.096479997038841248,34360262656,0,0
run,1024,uniform,cuda_reuse_global,3,3,0.31190000000000001,0.12035199999809265,0.069824002683162689,0.099647998809814453,34360262656,6,1572864
run,1024,uniform,cuda_reuse_shared,3,4,0.27179999999999999,0.11833599954843521,0.036543998867273331,0.099455997347831726,34360262656,6,1572864
run,1024,uniform,cpu_optimized_1,3,5,0.37290000000000001,0,0,0,34360262656,0,0
run,1024,uniform,cuda_simple_global,4,0,0.64139999999999997,0.10623999685049057,0.056575998663902283,0.096960000693798065,34360262656,0,0
run,1024,uniform,cuda_simple_shared,4,1,0.95320000000000005,0.1159679964184761,0.047871999442577362,0.10431999713182449,34360262656,0,0
run,1024,uniform,cuda_reuse_global,4,2,0.30130000000000001,0.12291199713945389,0.057824000716209412,0.095328003168106079,34360262656,7,1572864
run,1024,uniform,cuda_reuse_shared,4,3,0.2712,0.1189119964838028,0.037216000258922577,0.097695998847484589,34360262656,7,1572864
run,1024,uniform,cpu_optimized_1,4,4,0.3861,0,0,0,34360262656,0,0
run,1024,uniform,cpu_optimized_2,4,5,0.37369999999999998,0,0,0,34360262656,0,0
run,1024,uniform,cuda_simple_shared,5,0,0.71230000000000004,0.10883200168609619,0.040672000497579575,0.096960000693798065,34360262656,0,0
run,1024,uniform,cuda_reuse_global,5,1,0.30059999999999998,0.12323199957609177,0.056639999151229858,0.096671998500823975,34360262656,8,1572864
run,1024,uniform,cuda_reuse_shared,5,2,0.28039999999999998,0.11948800086975098,0.043807998299598694,0.10038399696350098,34360262656,8,1572864
run,1024,uniform,cpu_optimized_1,5,3,0.43559999999999999,0,0,0,34360262656,0,0
run,1024,uniform,cpu_optimized_2,5,4,0.33100000000000002,0,0,0,34360262656,0,0
run,1024,uniform,cuda_simple_global,5,5,0.93469999999999998,0.12031999975442886,0.058880001306533813,0.097727999091148376,34360262656,0,0
run,1024,uniform,cuda_reuse_global,6,0,0.33750000000000002,0.14697599411010742,0.059615999460220337,0.10441599786281586,34360262656,9,1572864
run,1024,uniform,cuda_reuse_shared,6,1,0.2702,0.12185599654912949,0.037280000746250153,0.092511996626853943,34360262656,9,1572864
run,1024,uniform,cpu_optimized_1,6,2,0.36309999999999998,0,0,0,34360262656,0,0
run,1024,uniform,cpu_optimized_2,6,3,0.34410000000000002,0,0,0,34360262656,0,0
run,1024,uniform,cuda_simple_global,6,4,0.7641,0.11392000317573547,0.061184000223875046,0.099008001387119293,34360262656,0,0
run,1024,uniform,cuda_simple_shared,6,5,0.7863,0.10841599851846695,0.03903999924659729,0.094144001603126526,34360262656,0,0
run,1024,uniform,cuda_reuse_shared,7,0,0.28370000000000001,0.12140800058841705,0.037087999284267426,0.10188800096511841,34360262656,10,1572864
run,1024,uniform,cpu_optimized_1,7,1,0.37130000000000002,0,0,0,34360262656,0,0
run,1024,uniform,cpu_optimized_2,7,2,0.31940000000000002,0,0,0,34360262656,0,0
run,1024,uniform,cuda_simple_global,7,3,0.74390000000000001,0.10716799646615982,0.063840001821517944,0.097024001181125641,34360262656,0,0
run,1024,uniform,cuda_simple_shared,7,4,0.65959999999999996,0.10732799768447876,0.04012800008058548,0.10463999956846237,34360262656,0,0
run,1024,uniform,cuda_reuse_global,7,5,0.39929999999999999,0.12444800138473511,0.14681600034236908,0.10380800068378448,34360262656,10,1572864
run,1024,uniform,cpu_optimized_1,8,0,0.37809999999999999,0,0,0,34360262656,0,0
run,1024,uniform,cpu_optimized_2,8,1,0.30130000000000001,0,0,0,34360262656,0,0
run,1024,uniform,cuda_simple_global,8,2,0.86550000000000005,0.10857599973678589,0.060384001582860947,0.094655998051166534,34360262656,0,0
run,1024,uniform,cuda_simple_shared,8,3,0.64800000000000002,0.10659199953079224,0.044959999620914459,0.098304003477096558,34360262656,0,0
run,1024,uniform,cuda_reuse_global,8,4,0.29999999999999999,0.12345600128173828,0.055392000824213028,0.095423996448516846,34360262656,11,1572864
run,1024,uniform,cuda_reuse_shared,8,5,0.26740000000000003,0.1188800036907196,0.034495998173952103,0.096511997282505035,34360262656,11,1572864
run,1024,uniform,cpu_optimized_2,9,0,0.30580000000000002,0,0,0,34360262656,0,0
run,1024,uniform,cuda_simple_global,9,1,0.64949999999999997,0.10646399855613708,0.055263999849557877,0.10172799974679947,34360262656,0,0
run,1024,uniform,cuda_simple_shared,9,2,0.65880000000000005,0.10592000186443329,0.041535999625921249,0.11612799763679504,34360262656,0,0
run,1024,uniform,cuda_reuse_global,9,3,0.3044,0.1252799928188324,0.055103998631238937,0.099359996616840363,34360262656,12,1572864
run,1024,uniform,cuda_reuse_shared,9,4,0.26569999999999999,0.11875200271606445,0.033984001725912094,0.095968000590801239,34360262656,12,1572864
run,1024,uniform,cpu_optimized_1,9,5,0.35709999999999997,0,0,0,34360262656,0,0
run,1024,uniform,cuda_simple_global,10,0,0.76380000000000003,0.10755199939012527,0.074720002710819244,0.10992000252008438,34360262656,0,0
run,1024,uniform,cuda_simple_shared,10,1,0.70069999999999999,0.10636799782514572,0.035967998206615448,0.098367996513843536,34360262656,0,0
run,1024,uniform,cuda_reuse_global,10,2,0.33019999999999999,0.1210239976644516,0.057151999324560165,0.12899200618267059,34360262656,13,1572864
run,1024,uniform,cuda_reuse_shared,10,3,0.28670000000000001,0.11964800208806992,0.044767998158931732,0.10480000078678131,34360262656,13,1572864
run,1024,uniform,cpu_optimized_1,10,4,0.37359999999999999,0,0,0,34360262656,0,0
run,1024,uniform,cpu_optimized_2,10,5,0.33339999999999997,0,0,0,34360262656,0,0
run,1024,uniform,cuda_simple_shared,11,0,0.70089999999999997,0.10684800148010254,0.035487998276948929,0.10655999928712845,34360262656,0,0
run,1024,uniform,cuda_reuse_global,11,1,0.34699999999999998,0.14480000734329224,0.056191999465227127,0.10908800363540649,34360262656,14,1572864
run,1024,uniform,cuda_reuse_shared,11,2,0.60199999999999998,0.13628800213336945,0.33641600608825684,0.11161600053310394,34360262656,14,1572864
run,1024,uniform,cpu_optimized_1,11,3,0.38400000000000001,0,0,0,34360262656,0,0
run,1024,uniform,cpu_optimized_2,11,4,0.3201,0,0,0,34360262656,0,0
run,1024,uniform,cuda_simple_global,11,5,0.73150000000000004,0.10691200196743011,0.055904000997543335,0.10204800218343735,34360262656,0,0
run,1024,uniform,cuda_reuse_global,12,0,0.30030000000000001,0.12307199835777283,0.056671999394893646,0.096032001078128815,34360262656,15,1572864
run,1024,uniform,cuda_reuse_shared,12,1,0.2676,0.11952000111341476,0.037055999040603638,0.094559997320175171,34360262656,15,1572864
run,1024,uniform,cpu_optimized_1,12,2,0.3725,0,0,0,34360262656,0,0
run,1024,uniform,cpu_optimized_2,12,3,0.30549999999999999,0,0,0,34360262656,0,0
run,1024,uniform,cuda_simple_global,12,4,0.62819999999999998,0.10566399991512299,0.057151999324560165,0.099775999784469604,34360262656,0,0
run,1024,uniform,cuda_simple_shared,12,5,0.88980000000000004,0.10768000036478043,0.037728000432252884,0.093759998679161072,34360262656,0,0
run,1024,uniform,cuda_reuse_shared,13,0,0.2742,0.11999999731779099,0.036736000329256058,0.095968000590801239,34360262656,16,1572864
run,1024,uniform,cpu_optimized_1,13,1,0.37040000000000001,0,0,0,34360262656,0,0
run,1024,uniform,cpu_optimized_2,13,2,0.30249999999999999,0,0,0,34360262656,0,0
run,1024,uniform,cuda_simple_global,13,3,0.74760000000000004,0.10950399935245514,0.057408001273870468,0.10025600343942642,34360262656,0,0
run,1024,uniform,cuda_simple_shared,13,4,0.57079999999999997,0.10665600001811981,0.03670400008559227,0.09955199807882309,34360262656,0,0
run,1024,uniform,cuda_reuse_global,13,5,0.39019999999999999,0.11878400295972824,0.1499519944190979,0.10172799974679947,34360262656,16,1572864
run,1024,uniform,cpu_optimized_1,14,0,0.36709999999999998,0,0,0,34360262656,0,0
run,1024,uniform,cpu_optimized_2,14,1,0.31859999999999999,0,0,0,34360262656,0,0
run,1024,uniform,cuda_simple_global,14,2,0.64910000000000001,0.10771200060844421,0.057151999324560165,0.098399996757507324,34360262656,0,0
run,1024,uniform,cuda_simple_shared,14,3,0.60850000000000004,0.1061440035700798,0.055647999048233032,0.099872000515460968,34360262656,0,0
run,1024,uniform,cuda_reuse_global,14,4,0.3009,0.1223360002040863,0.056960001587867737,0.097471997141838074,34360262656,17,1572864
run,1024,uniform,cuda_reuse_shared,14,5,0.2742,0.11948800086975098,0.036896001547574997,0.09939199686050415,34360262656,17,1572864
run,1024,uniform,cpu_optimized_2,15,0,0.3135,0,0,0,34360262656,0,0
run,1024,uniform,cuda_simple_global,15,1,0.6845,0.10758399963378906,0.057280000299215317,0.11129599809646606,34360262656,0,0
run,1024,uniform,cuda_simple_shared,15,2,0.59740000000000004,0.10742399841547012,0.037983998656272888,0.094591997563838959,34360262656,0,0
run,1024,uniform,cuda_reuse_global,15,3,0.438,0.12975999712944031,0.18700799345970154,0.099808000028133392,34360262656,18,1572864
run,1024,uniform,cuda_reuse_shared,15,4,0.40260000000000001,0.12745599448680878,0.11552000045776367,0.1189119964838028,34360262656,18,1572864
run,1024,uniform,cpu_optimized_1,15,5,0.44940000000000002,0,0,0,34360262656,0,0
run,1024,uniform,cuda_simple_global,16,0,0.75129999999999997,0.10870400071144104,0.062272001057863235,0.10150399804115295,34360262656,0,0
run,1024,uniform,cuda_simple_shared,16,1,0.70640000000000003,0.1053759977221489,0.042815998196601868,0.09782399982213974,34360262656,0,0
run,1024,uniform,cuda_reuse_global,16,2,0.50070000000000003,0.12531200051307678,0.26358398795127869,0.089056000113487244,34360262656,19,1572864
run,1024,uniform,cuda_reuse_shared,16,3,0.27050000000000002,0.1189119964838028,0.036095999181270599,0.096383996307849884,34360262656,19,1572864
run,1024,uniform,cpu_optimized_1,16,4,0.37559999999999999,0,0,0,34360262656,0,0
run,1024,uniform,cpu_optimized_2,16,5,0.32669999999999999,0,0,0,34360262656,0,0
run,1024,uniform,cuda_simple_shared,17,0,0.63319999999999999,0.10623999685049057,0.037856001406908035,0.10096000134944916,34360262656,0,0
run,1024,uniform,cuda_reuse_global,17,1,0.33289999999999997,0.14908799529075623,0.058527998626232147,0.10121600329875946,34360262656,20,1572864
run,1024,uniform,cuda_reuse_shared,17,2,0.27060000000000001,0.11980800330638885,0.035487998276948929,0.096799999475479126,34360262656,20,1572864
run,1024,uniform,cpu_optimized_1,17,3,0.37119999999999997,0,0,0,34360262656,0,0
run,1024,uniform,cpu_optimized_2,17,4,0.33879999999999999,0,0,0,34360262656,0,0
run,1024,uniform,cuda_simple_global,17,5,0.72940000000000005,0.10716799646615982,0.055647999048233032,0.09689600020647049,34360262656,0,0
run,1024,uniform,cuda_reuse_global,18,0,0.29409999999999997,0.12169600278139114,0.05475199967622757,0.094144001603126526,34360262656,21,1572864
run,1024,uniform,cuda_reuse_shared,18,1,0.27189999999999998,0.11852800101041794,0.036607999354600906,0.099359996616840363,34360262656,21,1572864
run,1024,uniform,cpu_optimized_1,18,2,0.36940000000000001,0,0,0,34360262656,0,0
run,1024,uniform,cpu_optimized_2,18,3,0.31359999999999999,0,0,0,34360262656,0,0
run,1024,uniform,cuda_simple_global,18,4,0.63919999999999999,0.10790400207042694,0.058944001793861389,0.098719999194145203,34360262656,0,0
run,1024,uniform,cuda_simple_shared,18,5,0.58460000000000001,0.10639999806880951,0.036959998309612274,0.098144002258777618,34360262656,0,0
run,1024,uniform,cuda_reuse_shared,19,0,0.28000000000000003,0.12019199877977371,0.042112000286579132,0.097312003374099731,34360262656,22,1572864
run,1024,uniform,cpu_optimized_1,19,1,0.36530000000000001,0,0,0,34360262656,0,0
run,1024,uniform,cpu_optimized_2,19,2,0.30349999999999999,0,0,0,34360262656,0,0
run,1024,uniform,cuda_simple_global,19,3,0.63139999999999996,0.10886400192975998,0.0631679967045784,0.098623998463153839,34360262656,0,0
run,1024,uniform,cuda_simple_shared,19,4,0.59009999999999996,0.10665600001811981,0.03670400008559227,0.10169599950313568,34360262656,0,0
run,1024,uniform,cuda_reuse_global,19,5,0.31309999999999999,0.12025599926710129,0.070784002542495728,0.10115200281143188,34360262656,22,1572864
run,1024,uniform,cpu_optimized_1,20,0,0.37390000000000001,0,0,0,34360262656,0,0
run,1024,uniform,cpu_optimized_2,20,1,0.29680000000000001,0,0,0,34360262656,0,0
run,1024,uniform,cuda_simple_global,20,2,0.68600000000000005,0.10681600123643875,0.056735999882221222,0.13971200585365295,34360262656,0,0
run,1024,uniform,cuda_simple_shared,20,3,0.5917,0.10716799646615982,0.037184000015258789,0.098048001527786255,34360262656,0,0
run,1024,uniform,cuda_reuse_global,20,4,0.29310000000000003,0.11926399916410446,0.055392000824213028,0.097280003130435944,34360262656,23,1572864
run,1024,uniform,cuda_reuse_shared,20,5,0.45710000000000001,0.11840000003576279,0.22735999524593353,0.094751998782157898,34360262656,23,1572864
run,1024,uniform,cpu_optimized_2,21,0,0.3019,0,0,0,34360262656,0,0
run,1024,uniform,cuda_simple_global,21,1,0.89149999999999996,0.10761599987745285,0.22006399929523468,0.18467199802398682,34360262656,0,0
run,1024,uniform,cuda_simple_shared,21,2,0.70169999999999999,0.10876800119876862,0.037663999944925308,0.12051200121641159,34360262656,0,0
run,1024,uniform,cuda_reuse_global,21,3,0.30220000000000002,0.12201599776744843,0.057312000542879105,0.099040001630783081,34360262656,24,1572864
run,1024,uniform,cuda_reuse_shared,21,4,0.26900000000000002,0.11881600320339203,0.036063998937606812,0.097663998603820801,34360262656,24,1572864
run,1024,uniform,cpu_optimized_1,21,5,0.35410000000000003,0,0,0,34360262656,0,0
run,1024,uniform,cuda_simple_global,22,0,0.87849999999999995,0.10963200032711029,0.055231999605894089,0.10361599922180176,34360262656,0,0
run,1024,uniform,cuda_simple_shared,22,1,1.0123,0.1356160044670105,0.042559999972581863,0.10211200267076492,34360262656,0,0
run,1024,uniform,cuda_reuse_global,22,2,0.3286,0.12243200093507767,0.057344000786542892,0.12489599734544754,34360262656,25,1572864
run,1024,uniform,cuda_reuse_shared,22,3,0.27010000000000001,0.11881600320339203,0.037344001233577728,0.09718400239944458,34360262656,25,1572864
run,1024,uniform,cpu_optimized_1,22,4,0.37469999999999998,0,0,0,34360262656,0,0
run,1024,uniform,cpu_optimized_2,22,5,0.32490000000000002,0,0,0,34360262656,0,0
run,1024,uniform,cuda_simple_shared,23,0,0.6583,0.10691200196743011,0.037471998482942581,0.095264002680778503,34360262656,0,0
run,1024,uniform,cuda_reuse_global,23,1,0.29809999999999998,0.12169600278139114,0.057215999811887741,0.095839999616146088,34360262656,26,1572864
run,1024,uniform,cuda_reuse_shared,23,2,0.26950000000000002,0.11849600076675415,0.035904001444578171,0.098431997001171112,34360262656,26,1572864
run,1024,uniform,cpu_optimized_1,23,3,0.36830000000000002,0,0,0,34360262656,0,0
run,1024,uniform,cpu_optimized_2,23,4,0.30990000000000001,0,0,0,34360262656,0,0
run,1024,uniform,cuda_simple_global,23,5,0.63480000000000003,0.10710400342941284,0.056735999882221222,0.10041599720716476,34360262656,0,0
run,1024,uniform,cuda_reuse_global,24,0,0.35649999999999998,0.122079998254776,0.059935998171567917,0.15007999539375305,34360262656,27,1572864
run,1024,uniform,cuda_reuse_shared,24,1,0.26490000000000002,0.11878400295972824,0.036288000643253326,0.092863999307155609,34360262656,27,1572864
run,1024,uniform,cpu_optimized_1,24,2,0.37080000000000002,0,0,0,34360262656,0,0
run,1024,uniform,cpu_optimized_2,24,3,0.30559999999999998,0,0,0,34360262656,0,0
run,1024,uniform,cuda_simple_global,24,4,0.62849999999999995,0.1066880002617836,0.057151999324560165,0.098848000168800354,34360262656,0,0
run,1024,uniform,cuda_simple_shared,24,5,0.59999999999999998,0.10636799782514572,0.036991998553276062,0.099327996373176575,34360262656,0,0
retire,1024,uniform,cuda_reuse_global,-1,0,0.0082000000000000007,0,0,0,0,0,1572864
retire,1024,uniform,cuda_reuse_shared,-1,1,0.14649999999999999,0,0,0,0,0,1572864
setup,1024,single_bin,cuda_reuse_global,-1,0,0.059900000000000002,0,0,0,0,0,1572864
setup,1024,single_bin,cuda_reuse_shared,-1,1,0.048800000000000003,0,0,0,0,0,1572864
run,1024,single_bin,cuda_reuse_shared,0,0,0.63739999999999997,0.10576000064611435,0.14102399349212646,0.096511997282505035,34233909248,1,1572864
run,1024,single_bin,cpu_optimized_1,0,1,0.39269999999999999,0,0,0,34233909248,0,0
run,1024,single_bin,cpu_optimized_2,0,2,0.37590000000000001,0,0,0,34233909248,0,0
run,1024,single_bin,cuda_simple_global,0,3,0.78739999999999999,0.11414399743080139,0.066079996526241302,0.10134399682283401,34233909248,0,0
run,1024,single_bin,cuda_simple_shared,0,4,1.0227999999999999,0.10768000036478043,0.40227198600769043,0.12438400089740753,34233909248,0,0
run,1024,single_bin,cuda_reuse_global,0,5,0.3775,0.10719999670982361,0.056639999151229858,0.096607998013496399,34233909248,1,1572864
run,1024,single_bin,cpu_optimized_1,1,0,0.38240000000000002,0,0,0,34233909248,0,0
run,1024,single_bin,cpu_optimized_2,1,1,0.36499999999999999,0,0,0,34233909248,0,0
run,1024,single_bin,cuda_simple_global,1,2,0.63800000000000001,0.10784000158309937,0.052928000688552856,0.095200002193450928,34233909248,0,0
run,1024,single_bin,cuda_simple_shared,1,3,0.71760000000000002,0.10652799904346466,0.13923199474811554,0.095487996935844421,34233909248,0,0
run,1024,single_bin,cuda_reuse_global,1,4,0.29220000000000002,0.12038400024175644,0.055263999849557877,0.093984000384807587,34233909248,4,1572864
run,1024,single_bin,cuda_reuse_shared,1,5,0.36459999999999998,0.11814399808645248,0.13753600418567657,0.092128001153469086,34233909248,4,1572864
run,1024,single_bin,cpu_optimized_2,2,0,0.35420000000000001,0,0,0,34233909248,0,0
run,1024,single_bin,cuda_simple_global,2,1,0.69540000000000002,0.1072319969534874,0.055583998560905457,0.10950399935245514,34233909248,0,0
run,1024,single_bin,cuda_simple_shared,2,2,0.77580000000000005,0.11327999830245972,0.13862399756908417,0.09299200028181076,34233909248,0,0
run,1024,single_bin,cuda_reuse_global,2,3,0.36220000000000002,0.12064000219106674,0.12963199615478516,0.090432003140449524,34233909248,5,1572864
run,1024,single_bin,cuda_reuse_shared,2,4,0.36130000000000001,0.11827199906110764,0.13497599959373474,0.091456003487110138,34233909248,5,1572864
run,1024,single_bin,cpu_optimized_1,2,5,0.38750000000000001,0,0,0,34233909248,0,0
run,1024,single_bin,cuda_simple_global,3,0,0.73809999999999998,0.10716799646615982,0.054623998701572418,0.1048320010304451,34233909248,0,0
run,1024,single_bin,cuda_simple_shared,3,1,0.71430000000000005,0.10646399855613708,0.1372160017490387,0.097471997141838074,34233909248,0,0
run,1024,single_bin,cuda_reuse_global,3,2,0.29749999999999999,0.12012799829244614,0.056352000683546066,0.095711998641490936,34233909248,6,1572864
run,1024,single_bin,cuda_reuse_shared,3,3,0.36470000000000002,0.11846400052309036,0.13628800213336945,0.093344002962112427,34233909248,6,1572864
run,1024,single_bin,cpu_optimized_1,3,4,0.38129999999999997,0,0,0,34233909248,0,0
run,1024,single_bin,cpu_optimized_2,3,5,0.43030000000000002,0,0,0,34233909248,0,0
run,1024,single_bin,cuda_simple_shared,4,0,0.78239999999999998,0.1130559965968132,0.13577599823474884,0.089440003037452698,34233909248,0,0
run,1024,single_bin,cuda_reuse_global,4,1,0.28499999999999998,0.11830399930477142,0.05475199967622757,0.090879999101161957,34233909248,7,1572864
run,1024,single_bin,cuda_reuse_shared,4,2,0.36380000000000001,0.11785600334405899,0.13590399920940399,0.093024000525474548,34233909248,7,1572864
run,1024,single_bin,cpu_optimized_1,4,3,0.38150000000000001,0,0,0,34233909248,0,0
run,1024,single_bin,cpu_optimized_2,4,4,0.3977,0,0,0,34233909248,0,0
run,1024,single_bin,cuda_simple_global,4,5,0.91539999999999999,0.10438399761915207,0.29497599601745605,0.10086400061845779,34233909248,0,0
run,1024,single_bin,cuda_reuse_global,5,0,0.2903,0.11990399658679962,0.056543998420238495,0.09299200028181076,34233909248,8,1572864
run,1024,single_bin,cuda_reuse_shared,5,1,0.36409999999999998,0.11817599833011627,0.13648000359535217,0.093056000769138336,34233909248,8,1572864
run,1024,single_bin,cpu_optimized_1,5,2,0.38179999999999997,0,0,0,34233909248,0,0
run,1024,single_bin,cpu_optimized_2,5,3,0.35439999999999999,0,0,0,34233909248,0,0
run,1024,single_bin,cuda_simple_global,5,4,0.7046,0.10915199667215347,0.05366399884223938,0.095360003411769867,34233909248,0,0
run,1024,single_bin,cuda_simple_shared,5,5,0.67220000000000002,0.10569600015878677,0.1380160003900528,0.094847999513149261,34233909248,0,0
run,1024,single_bin,cuda_reuse_shared,6,0,0.3745,0.11919999867677689,0.1390720009803772,0.095936000347137451,34233909248,9,1572864
run,1024,single_bin,cpu_optimized_1,6,1,0.37790000000000001,0,0,0,34233909248,0,0
run,1024,single_bin,cpu_optimized_2,6,2,0.36159999999999998,0,0,0,34233909248,0,0
run,1024,single_bin,cuda_simple_global,6,3,0.64290000000000003,0.10655999928712845,0.063423998653888702,0.095775999128818512,34233909248,0,0
run,1024,single_bin,cuda_simple_shared,6,4,0.74060000000000004,0.10672000050544739,0.13782399892807007,0.09609600156545639,34233909248,0,0
run,1024,single_bin,cuda_reuse_global,6,5,0.36049999999999999,0.1263359934091568,0.057567998766899109,0.14864000678062439,34233909248,9,1572864
run,1024,single_bin,cpu_optimized_1,7,0,0.46029999999999999,0,0,0,34233909248,0,0
run,1024,single_bin,cpu_optimized_2,7,1,0.33679999999999999,0,0,0,34233909248,0,0
run,1024,single_bin,cuda_simple_global,7,2,0.62849999999999995,0.10630399733781815,0.062656000256538391,0.094944000244140625,34233909248,0,0
run,1024,single_bin,cuda_simple_shared,7,3,0.69299999999999995,0.10793600231409073,0.13766400516033173,0.099072001874446869,34233909248,0,0
run,1024,single_bin,cuda_reuse_global,7,4,0.2969,0.12191999703645706,0.056288000196218491,0.095040000975131989,34233909248,10,1572864
run,1024,single_bin,cuda_reuse_shared,7,5,0.3695,0.11948800086975098,0.1364160031080246,0.095264002680778503,34233909248,10,1572864
run,1024,single_bin,cpu_optimized_2,8,0,0.31519999999999998,0,0,0,34233909248,0,0
run,1024,single_bin,cuda_simple_global,8,1,0.93220000000000003,0.1061440035700798,0.13142399489879608,0.096352003514766693,34233909248,0,0
run,1024,single_bin,cuda_simple_shared,8,2,0.66810000000000003,0.10639999806880951,0.13731199502944946,0.07779199630022049,34233909248,0,0
run,1024,single_bin,cuda_reuse_global,8,3,0.36770000000000003,0.12188799679279327,0.13116799294948578,0.09113600105047226,34233909248,11,1572864
run,1024,single_bin,cuda_reuse_shared,8,4,0.3659,0.11846400052309036,0.13673600554466248,0.094272002577781677,34233909248,11,1572864
run,1024,single_bin,cpu_optimized_1,8,5,0.38319999999999999,0,0,0,34233909248,0,0
run,1024,single_bin,cuda_simple_global,9,0,0.749,0.10812799632549286,0.054687999188899994,0.11443199962377548,34233909248,0,0
run,1024,single_bin,cuda_simple_shared,9,1,0.94230000000000003,0.10384000092744827,0.1398719996213913,0.098176002502441406,34233909248,0,0
run,1024,single_bin,cuda_reuse_global,9,2,0.3281,0.12195199728012085,0.08787199854850769,0.094655998051166534,34233909248,12,1572864
run,1024,single_bin,cuda_reuse_shared,9,3,0.36580000000000001,0.11820799857378006,0.13811199367046356,0.09299200028181076,34233909248,12,1572864
run,1024,single_bin,cpu_optimized_1,9,4,0.379,0,0,0,34233909248,0,0
run,1024,single_bin,cpu_optimized_2,9,5,0.31259999999999999,0,0,0,34233909248,0,0
run,1024,single_bin,cuda_simple_shared,10,0,0.71450000000000002,0.10716799646615982,0.13859200477600098,0.09609600156545639,34233909248,0,0
run,1024,single_bin,cuda_reuse_global,10,1,0.29049999999999998,0.11971200257539749,0.056832000613212585,0.092960000038146973,34233909248,13,1572864
run,1024,single_bin,cuda_reuse_shared,10,2,0.36359999999999998,0.11785600334405899,0.1380160003900528,0.091583997011184692,34233909248,13,1572864
run,1024,single_bin,cpu_optimized_1,10,3,0.38129999999999997,0,0,0,34233909248,0,0
run,1024,single_bin,cpu_optimized_2,10,4,0.30530000000000002,0,0,0,34233909248,0,0
run,1024,single_bin,cuda_simple_global,10,5,0.68069999999999997,0.10611200332641602,0.053631998598575592,0.095775999128818512,34233909248,0,0
run,1024,single_bin,cuda_reuse_global,11,0,0.29449999999999998,0.11958400160074234,0.061312001198530197,0.093312002718448639,34233909248,14,1572864
run,1024,single_bin,cuda_reuse_shared,11,1,0.37569999999999998,0.11814399808645248,0.14694400131702423,0.094048000872135162,34233909248,14,1572864
run,1024,single_bin,cpu_optimized_1,11,2,0.3805,0,0,0,34233909248,0,0
run,1024,single_bin,cpu_optimized_2,11,3,0.3483,0,0,0,34233909248,0,0
run,1024,single_bin,cuda_simple_global,11,4,0.63139999999999996,0.10675200074911118,0.053856000304222107,0.096032001078128815,34233909248,0,0
run,1024,single_bin,cuda_simple_shared,11,5,0.76380000000000003,0.10870400071144104,0.14700800180435181,0.10569600015878677,34233909248,0,0
run,1024,single_bin,cuda_reuse_shared,12,0,0.37830000000000003,0.1223360002040863,0.13817599415779114,0.093759998679161072,34233909248,15,1572864
run,1024,single_bin,cpu_optimized_1,12,1,0.38140000000000002,0,0,0,34233909248,0,0
run,1024,single_bin,cpu_optimized_2,12,2,0.36209999999999998,0,0,0,34233909248,0,0
run,1024,single_bin,cuda_simple_global,12,3,0.63629999999999998,0.10963200032711029,0.054207999259233475,0.095711998641490936,34233909248,0,0
run,1024,single_bin,cuda_simple_shared,12,4,0.71379999999999999,0.10630399733781815,0.13638399541378021,0.095136001706123352,34233909248,0,0
run,1024,single_bin,cuda_reuse_global,12,5,0.3024,0.12476799637079239,0.055776000022888184,0.094336003065109253,34233909248,15,1572864
run,1024,single_bin,cpu_optimized_1,13,0,0.51039999999999996,0,0,0,34233909248,0,0
run,1024,single_bin,cpu_optimized_2,13,1,0.32900000000000001,0,0,0,34233909248,0,0
run,1024,single_bin,cuda_simple_global,13,2,0.67800000000000005,0.10851199924945831,0.054303999990224838,0.09875199943780899,34233909248,0,0
run,1024,single_bin,cuda_simple_shared,13,3,0.7994,0.1088000014424324,0.13900800049304962,0.10288000106811523,34233909248,0,0
run,1024,single_bin,cuda_reuse_global,13,4,0.3866,0.1215360015630722,0.13292799890041351,0.094751998782157898,34233909248,16,1572864
run,1024,single_bin,cuda_reuse_shared,13,5,0.36499999999999999,0.11823999881744385,0.13689599931240082,0.093184001743793488,34233909248,16,1572864
run,1024,single_bin,cpu_optimized_2,14,0,0.32629999999999998,0,0,0,34233909248,0,0
run,1024,single_bin,cuda_simple_global,14,1,0.64839999999999998,0.10675200074911118,0.059071999043226242,0.097888000309467316,34233909248,0,0
run,1024,single_bin,cuda_simple_shared,14,2,0.8206,0.10649599879980087,0.14028799533843994,0.13238400220870972,34233909248,0,0
run,1024,single_bin,cuda_reuse_global,14,3,0.29049999999999998,0.11958400160074234,0.056127998977899551,0.094016000628471375,34233909248,17,1572864
run,1024,single_bin,cuda_reuse_shared,14,4,0.36609999999999998,0.118367999792099,0.13763199746608734,0.093599997460842133,34233909248,17,1572864
run,1024,single_bin,cpu_optimized_1,14,5,0.38109999999999999,0,0,0,34233909248,0,0
run,1024,single_bin,cuda_simple_global,15,0,0.71340000000000003,0.10841599851846695,0.054400000721216202,0.10976000130176544,34233909248,0,0
run,1024,single_bin,cuda_simple_shared,15,1,0.71970000000000001,0.1056319996714592,0.14115199446678162,0.09625600278377533,34233909248,0,0
run,1024,single_bin,cuda_reuse_global,15,2,0.35870000000000002,0.11913599818944931,0.12566399574279785,0.09471999853849411,34233909248,18,1572864
run,1024,single_bin,cuda_reuse_shared,15,3,0.3649,0.1178240031003952,0.13769599795341492,0.092799998819828033,34233909248,18,1572864
run,1024,single_bin,cpu_optimized_1,15,4,0.37919999999999998,0,0,0,34233909248,0,0
run,1024,single_bin,cpu_optimized_2,15,5,0.3604,0,0,0,34233909248,0,0
run,1024,single_bin,cuda_simple_shared,16,0,0.90769999999999995,0.10745599865913391,0.13830399513244629,0.095008000731468201,34233909248,0,0
run,1024,single_bin,cuda_reuse_global,16,1,0.41049999999999998,0.12236800044775009,0.17535999417304993,0.091328002512454987,34233909248,19,1572864
run,1024,single_bin,cuda_reuse_shared,16,2,0.69289999999999996,0.11849600076675415,0.46275201439857483,0.094751998782157898,34233909248,19,1572864
run,1024,single_bin,cpu_optimized_1,16,3,0.38200000000000001,0,0,0,34233909248,0,0
run,1024,single_bin,cpu_optimized_2,16,4,0.30980000000000002,0,0,0,34233909248,0,0
run,1024,single_bin,cuda_simple_global,16,5,0.71009999999999995,0.11081600189208984,0.057920001447200775,0.11523199826478958,34233909248,0,0
run,1024,single_bin,cuda_reuse_global,17,0,0.34920000000000001,0.12272000312805176,0.056511998176574707,0.14537599682807922,34233909248,20,1572864
run,1024,single_bin,cuda_reuse_shared,17,1,0.3644,0.11708799749612808,0.13715200126171112,0.093248002231121063,34233909248,20,1572864
run,1024,single_bin,cpu_optimized_1,17,2,0.38059999999999999,0,0,0,34233909248,0,0
run,1024,single_bin,cpu_optimized_2,17,3,0.35949999999999999,0,0,0,34233909248,0,0
run,1024,single_bin,cuda_simple_global,17,4,0.62990000000000002,0.10646399855613708,0.053279999643564224,0.096671998500823975,34233909248,0,0
run,1024,single_bin,cuda_simple_shared,17,5,0.71540000000000004,0.10860799998044968,0.13817599415779114,0.094815999269485474,34233909248,0,0
run,1024,single_bin,cuda_reuse_shared,18,0,0.37409999999999999,0.11926399916410446,0.13792000710964203,0.096224002540111542,34233909248,21,1572864
run,1024,single_bin,cpu_optimized_1,18,1,0.3821,0,0,0,34233909248,0,0
run,1024,single_bin,cpu_optimized_2,18,2,0.3619,0,0,0,34233909248,0,0
run,1024,single_bin,cuda_simple_global,18,3,0.65180000000000005,0.11219199746847153,0.060704000294208527,0.098559997975826263,34233909248,0,0
run,1024,single_bin,cuda_simple_shared,18,4,0.80730000000000002,0.11055999994277954,0.14646400511264801,0.1000640019774437,34233909248,0,0
run,1024,single_bin,cuda_reuse_global,18,5,0.30349999999999999,0.11984000355005264,0.063808001577854156,0.0984639972448349,34233909248,21,1572864
run,1024,single_bin,cpu_optimized_1,19,0,0.38890000000000002,0,0,0,34233909248,0,0
run,1024,single_bin,cpu_optimized_2,19,1,0.436,0,0,0,34233909248,0,0
run,1024,single_bin,cuda_simple_global,19,2,0.92830000000000001,0.10620799660682678,0.053536001592874527,0.098048001527786255,34233909248,0,0
run,1024,single_bin,cuda_simple_shared,19,3,0.90659999999999996,0.10672000050544739,0.35203200578689575,0.096863999962806702,34233909248,0,0
run,1024,single_bin,cuda_reuse_global,19,4,0.54339999999999999,0.12256000190973282,0.30291199684143066,0.096511997282505035,34233909248,22,1572864
run,1024,single_bin,cuda_reuse_shared,19,5,0.36620000000000003,0.11868800222873688,0.13792000710964203,0.092448003590106964,34233909248,22,1572864
run,1024,single_bin,cpu_optimized_2,20,0,0.31580000000000003,0,0,0,34233909248,0,0
run,1024,single_bin,cuda_simple_global,20,1,0.64359999999999995,0.10431999713182449,0.05132799968123436,0.094559997320175171,34233909248,0,0
run,1024,single_bin,cuda_simple_shared,20,2,0.69750000000000001,0.10419200360774994,0.13542400300502777,0.095392003655433655,34233909248,0,0
run,1024,single_bin,cuda_reuse_global,20,3,0.29049999999999998,0.12019199877977371,0.056000001728534698,0.093088001012802124,34233909248,23,1572864
run,1024,single_bin,cuda_reuse_shared,20,4,0.36670000000000003,0.11795199662446976,0.13648000359535217,0.095775999128818512,34233909248,23,1572864
run,1024,single_bin,cpu_optimized_1,20,5,0.38090000000000002,0,0,0,34233909248,0,0
run,1024,single_bin,cuda_simple_global,21,0,0.59950000000000003,0.10620799660682678,0.053536001592874527,0.099072001874446869,34233909248,0,0
run,1024,single_bin,cuda_simple_shared,21,1,0.69320000000000004,0.10543999820947647,0.13929599523544312,0.095136001706123352,34233909248,0,0
run,1024,single_bin,cuda_reuse_global,21,2,0.28889999999999999,0.11919999867677689,0.055615998804569244,0.094304002821445465,34233909248,24,1572864
run,1024,single_bin,cuda_reuse_shared,21,3,0.39450000000000002,0.11798399686813354,0.16729600727558136,0.092671997845172882,34233909248,24,1572864
run,1024,single_bin,cpu_optimized_1,21,4,0.37969999999999998,0,0,0,34233909248,0,0
run,1024,single_bin,cpu_optimized_2,21,5,0.36430000000000001,0,0,0,34233909248,0,0
run,1024,single_bin,cuda_simple_shared,22,0,0.71599999999999997,0.10662399977445602,0.13695999979972839,0.095455996692180634,34233909248,0,0
run,1024,single_bin,cuda_reuse_global,22,1,0.2984,0.12403199821710587,0.055711999535560608,0.092416003346443176,34233909248,25,1572864
run,1024,single_bin,cuda_reuse_shared,22,2,0.3705,0.11929599940776825,0.14326399564743042,0.089791998267173767,34233909248,25,1572864
run,1024,single_bin,cpu_optimized_1,22,3,0.43080000000000002,0,0,0,34233909248,0,0
run,1024,single_bin,cpu_optimized_2,22,4,0.30740000000000001,0,0,0,34233909248,0,0
run,1024,single_bin,cuda_simple_global,22,5,0.65720000000000001,0.15148800611495972,0.054016001522541046,0.094687998294830322,34233909248,0,0
run,1024,single_bin,cuda_reuse_global,23,0,0.28889999999999999,0.11993599683046341,0.055615998804569244,0.092288002371788025,34233909248,26,1572864
run,1024,single_bin,cuda_reuse_shared,23,1,0.3624,0.11779200285673141,0.13574400544166565,0.092192001640796661,34233909248,26,1572864
run,1024,single_bin,cpu_optimized_1,23,2,0.38159999999999999,0,0,0,34233909248,0,0
run,1024,single_bin,cpu_optimized_2,23,3,0.35799999999999998,0,0,0,34233909248,0,0
run,1024,single_bin,cuda_simple_global,23,4,0.66559999999999997,0.10812799632549286,0.05366399884223938,0.11177600175142288,34233909248,0,0
run,1024,single_bin,cuda_simple_shared,23,5,0.75700000000000001,0.10924799740314484,0.13836799561977386,0.10617599636316299,34233909248,0,0
run,1024,single_bin,cuda_reuse_shared,24,0,0.54369999999999996,0.12415999919176102,0.30476799607276917,0.092288002371788025,34233909248,27,1572864
run,1024,single_bin,cpu_optimized_1,24,1,0.3846,0,0,0,34233909248,0,0
run,1024,single_bin,cpu_optimized_2,24,2,0.49630000000000002,0,0,0,34233909248,0,0
run,1024,single_bin,cuda_simple_global,24,3,0.71340000000000003,0.10992000252008438,0.053920000791549683,0.093408003449440002,34233909248,0,0
run,1024,single_bin,cuda_simple_shared,24,4,0.77400000000000002,0.1085439994931221,0.13823999464511871,0.095423996448516846,34233909248,0,0
run,1024,single_bin,cuda_reuse_global,24,5,0.29070000000000001,0.11993599683046341,0.056000001728534698,0.093535996973514557,34233909248,27,1572864
retire,1024,single_bin,cuda_reuse_global,-1,0,0.0070000000000000001,0,0,0,0,0,1572864
retire,1024,single_bin,cuda_reuse_shared,-1,1,0.19239999999999999,0,0,0,0,0,1572864
